packet_count,byte_count,connection_count,packet_rate,byte_rate,avg_packet_size,unique_dst_ports,unique_dst_ips,proto_tcp_ratio,proto_udp_ratio,proto_icmp_ratio,mqtt_ratio,label
1,80,1,0.1,8.0,80.0,1,1,1.0,0.0,0.0,0.0,normal
2,159,2,0.2,15.9,79.5,1,1,1.0,0.0,0.0,0.0,normal
3,276,3,0.3,27.6,92.0,1,1,1.0,0.0,0.0,0.0,normal
1,54,1,0.1,5.4,54.0,1,1,1.0,0.0,0.0,0.0,normal
1,54,1,0.1,5.4,54.0,1,1,1.0,0.0,0.0,0.0,normal
2,147,2,0.2,14.7,73.5,1,1,1.0,0.0,0.0,0.0,normal
6,2015,6,0.6,201.5,335.8333333333333,1,1,1.0,0.0,0.0,0.0,normal
32,4768,32,3.2,476.8,149.0,1,12,1.0,0.0,0.0,0.0,normal
1,54,1,0.1,5.4,54.0,1,1,1.0,0.0,0.0,0.0,normal
4,2790,4,0.4,279.0,697.5,1,1,1.0,0.0,0.0,0.0,normal
2,142,2,0.2,14.2,71.0,1,1,1.0,0.0,0.0,0.0,normal
1,178,1,0.1,17.8,178.0,1,1,1.0,0.0,0.0,0.0,normal
2,183,2,0.2,18.3,91.5,1,1,1.0,0.0,0.0,0.0,normal
2,132,2,0.2,13.2,66.0,1,1,1.0,0.0,0.0,0.0,normal
1,54,1,0.1,5.4,54.0,1,1,1.0,0.0,0.0,0.0,normal
1,54,1,0.1,5.4,54.0,1,1,1.0,0.0,0.0,0.0,normal
1,105,1,0.1,10.5,105.0,1,1,1.0,0.0,0.0,0.0,normal
13,2940,13,1.3,294.0,226.15384615384616,1,6,1.0,0.0,0.0,0.0,normal
3,1010,3,0.3,101.0,336.6666666666667,1,1,1.0,0.0,0.0,0.0,normal
2,142,2,0.2,14.2,71.0,1,1,1.0,0.0,0.0,0.0,normal
2,147,2,0.2,14.7,73.5,1,1,1.0,0.0,0.0,0.0,normal
1,54,1,0.1,5.4,54.0,1,1,1.0,0.0,0.0,0.0,normal
2,108,2,0.2,10.8,54.0,1,1,1.0,0.0,0.0,0.0,normal
7,2069,7,0.7,206.9,295.57142857142856,1,1,1.0,0.0,0.0,0.0,normal
4,626,4,0.4,62.6,156.5,1,1,1.0,0.0,0.0,0.0,normal
35,6145,35,3.5,614.5,175.57142857142858,2,9,0.9428571428571428,0.05714285714285714,0.0,0.0,normal
2,260,2,0.2,26.0,130.0,2,1,0.0,1.0,0.0,0.0,normal
8,3313,8,0.8,331.3,414.125,1,1,1.0,0.0,0.0,0.0,normal
2,142,2,0.2,14.2,71.0,1,1,1.0,0.0,0.0,0.0,normal
2,147,2,0.2,14.7,73.5,1,1,1.0,0.0,0.0,0.0,normal
1,178,1,0.1,17.8,178.0,1,1,1.0,0.0,0.0,0.0,normal
2,132,2,0.2,13.2,66.0,1,1,1.0,0.0,0.0,0.0,normal
1,54,1,0.1,5.4,54.0,1,1,1.0,0.0,0.0,0.0,normal
5,7650,5,0.5,765.0,1530.0,1,1,1.0,0.0,0.0,0.0,normal
12,1410,12,1.2,141.0,117.5,1,6,1.0,0.0,0.0,0.0,normal
3,239,3,0.3,23.9,79.66666666666667,1,1,1.0,0.0,0.0,0.0,normal
2,142,2,0.2,14.2,71.0,1,1,1.0,0.0,0.0,0.0,normal
391,24690,391,39.1,2469.0,63.14578005115089,1,1,1.0,0.0,0.0,0.0,normal
18,7967,18,1.8,796.7,442.6111111111111,2,1,1.0,0.0,0.0,0.0,normal
10,6963,10,1.0,696.3,696.3,1,1,1.0,0.0,0.0,0.0,normal
12,3367,12,1.2,336.7,280.5833333333333,1,1,1.0,0.0,0.0,0.0,normal
15,16824,15,1.5,1682.4,1121.6,1,1,1.0,0.0,0.0,0.0,normal
12,3474,12,1.2,347.4,289.5,1,1,1.0,0.0,0.0,0.0,normal
1,66,1,0.1,6.6,66.0,1,1,1.0,0.0,0.0,0.0,normal
471,1068448,471,47.1,106844.8,2268.467091295117,2,13,0.9787685774946921,0.021231422505307854,0.0,0.0,normal
10,1905,10,1.0,190.5,190.5,10,1,0.0,1.0,0.0,0.0,normal
4,1310,4,0.4,131.0,327.5,1,1,1.0,0.0,0.0,0.0,normal
2,142,2,0.2,14.2,71.0,1,1,1.0,0.0,0.0,0.0,normal
1,178,1,0.1,17.8,178.0,1,1,1.0,0.0,0.0,0.0,normal
2,132,2,0.2,13.2,66.0,1,1,1.0,0.0,0.0,0.0,normal
2,108,2,0.2,10.8,54.0,1,1,1.0,0.0,0.0,0.0,normal
8,674,8,0.8,67.4,84.25,1,1,1.0,0.0,0.0,0.0,normal
4,288,4,0.4,28.8,72.0,1,1,1.0,0.0,0.0,0.0,normal
258,14996,258,25.8,1499.6,58.12403100775194,1,1,1.0,0.0,0.0,0.0,normal
217,12065,217,21.7,1206.5,55.59907834101382,2,1,1.0,0.0,0.0,0.0,normal
1,54,1,0.1,5.4,54.0,1,1,1.0,0.0,0.0,0.0,normal
9,2733,9,0.9,273.3,303.6666666666667,1,1,1.0,0.0,0.0,0.0,normal
145,345315,145,14.5,34531.5,2381.4827586206898,1,1,1.0,0.0,0.0,0.0,normal
484,1273816,484,48.4,127381.6,2631.8512396694214,1,12,1.0,0.0,0.0,0.0,normal
2,142,2,0.2,14.2,71.0,1,1,1.0,0.0,0.0,0.0,normal
2,132,2,0.2,13.2,66.0,1,1,1.0,0.0,0.0,0.0,normal
1,80,1,0.1,8.0,80.0,1,1,1.0,0.0,0.0,0.0,normal
462,64022,462,46.2,6402.2,138.57575757575756,1,1,1.0,0.0,0.0,0.0,normal
619,41416,619,61.9,4141.6,66.90791599353797,3,1,1.0,0.0,0.0,0.0,normal
1,93,1,0.1,9.3,93.0,1,1,1.0,0.0,0.0,0.0,normal
22,6809,22,2.2,680.9,309.5,1,1,1.0,0.0,0.0,0.0,normal
723,3060788,723,72.3,306078.8,4233.455048409405,2,11,0.9972337482710927,0.0027662517289073307,0.0,0.0,normal
2,538,2,0.2,53.8,269.0,2,1,0.0,1.0,0.0,0.0,normal
1,54,1,0.1,5.4,54.0,1,1,1.0,0.0,0.0,0.0,normal
5,3136,5,0.5,313.6,627.2,1,1,1.0,0.0,0.0,0.0,normal
2,142,2,0.2,14.2,71.0,1,1,1.0,0.0,0.0,0.0,normal
14,4172,14,1.4,417.2,298.0,1,1,1.0,0.0,0.0,0.0,normal
1,178,1,0.1,17.8,178.0,1,1,1.0,0.0,0.0,0.0,normal
2,132,2,0.2,13.2,66.0,1,1,1.0,0.0,0.0,0.0,normal
1,54,1,0.1,5.4,54.0,1,1,1.0,0.0,0.0,0.0,normal
8,4235,8,0.8,423.5,529.375,1,1,1.0,0.0,0.0,0.0,normal
907,52393,907,90.7,5239.3,57.7651598676957,3,1,1.0,0.0,0.0,0.0,normal
1,54,1,0.1,5.4,54.0,1,1,1.0,0.0,0.0,0.0,normal
1,54,1,0.1,5.4,54.0,1,1,1.0,0.0,0.0,0.0,normal
9,5913,9,0.9,591.3,657.0,2,1,0.1111111111111111,0.8888888888888888,0.0,0.0,normal
5,1474,5,0.5,147.4,294.8,1,1,1.0,0.0,0.0,0.0,normal
536,2618772,536,53.6,261877.2,4885.768656716418,2,12,0.9850746268656716,0.014925373134328358,0.0,0.0,normal
18,5804,18,1.8,580.4,322.44444444444446,1,1,1.0,0.0,0.0,0.0,normal
2,142,2,0.2,14.2,71.0,1,1,1.0,0.0,0.0,0.0,normal
1,93,1,0.1,9.3,93.0,1,1,1.0,0.0,0.0,0.0,normal
1,93,1,0.1,9.3,93.0,1,1,1.0,0.0,0.0,0.0,normal
1,230,1,0.1,23.0,230.0,1,1,0.0,1.0,0.0,0.0,normal
781,49052,781,78.1,4905.2,62.80665813060179,2,1,1.0,0.0,0.0,0.0,normal
1,54,1,0.1,5.4,54.0,1,1,1.0,0.0,0.0,0.0,normal
3,237,3,0.3,23.7,79.0,1,1,1.0,0.0,0.0,0.0,normal
615,2172676,615,61.5,217267.6,3532.806504065041,1,6,1.0,0.0,0.0,0.0,normal
2,142,2,0.2,14.2,71.0,1,1,1.0,0.0,0.0,0.0,normal
15,1966,15,1.5,196.6,131.06666666666666,1,1,1.0,0.0,0.0,0.0,normal
1,178,1,0.1,17.8,178.0,1,1,1.0,0.0,0.0,0.0,normal
2,132,2,0.2,13.2,66.0,1,1,1.0,0.0,0.0,0.0,normal
17,8891,17,1.7,889.1,523.0,3,1,1.0,0.0,0.0,0.0,normal
2,687,2,0.2,68.7,343.5,1,1,1.0,0.0,0.0,0.0,normal
1,390,1,0.1,39.0,390.0,1,1,1.0,0.0,0.0,0.0,normal
24,9994,24,2.4,999.4,416.4166666666667,1,6,1.0,0.0,0.0,0.0,normal
3,239,3,0.3,23.9,79.66666666666667,1,1,1.0,0.0,0.0,0.0,normal
5,1648,5,0.5,164.8,329.6,1,1,1.0,0.0,0.0,0.0,normal
818,45074,818,81.8,4507.4,55.10268948655257,2,1,1.0,0.0,0.0,0.0,normal
1,54,1,0.1,5.4,54.0,1,1,1.0,0.0,0.0,0.0,normal
2,147,2,0.2,14.7,73.5,1,1,1.0,0.0,0.0,0.0,normal
1,54,1,0.1,5.4,54.0,1,1,1.0,0.0,0.0,0.0,normal
609,2431708,609,60.9,243170.8,3992.9523809523807,1,7,1.0,0.0,0.0,0.0,normal
5,1140,5,0.5,114.0,228.0,1,1,1.0,0.0,0.0,0.0,normal
2,142,2,0.2,14.2,71.0,1,1,1.0,0.0,0.0,0.0,normal
1,178,1,0.1,17.8,178.0,1,1,1.0,0.0,0.0,0.0,normal
2,132,2,0.2,13.2,66.0,1,1,1.0,0.0,0.0,0.0,normal
2,147,2,0.2,14.7,73.5,1,1,1.0,0.0,0.0,0.0,normal
19,9915,19,1.9,991.5,521.8421052631579,3,1,1.0,0.0,0.0,0.0,normal
1,54,1,0.1,5.4,54.0,1,1,1.0,0.0,0.0,0.0,normal
15,8606,15,1.5,860.6,573.7333333333333,1,5,1.0,0.0,0.0,0.0,normal
2,142,2,0.2,14.2,71.0,1,1,1.0,0.0,0.0,0.0,normal
1,80,1,0.1,8.0,80.0,1,1,1.0,0.0,0.0,0.0,normal
2,108,2,0.2,10.8,54.0,2,1,1.0,0.0,0.0,0.0,normal
1,54,1,0.1,5.4,54.0,1,1,1.0,0.0,0.0,0.0,normal
2,108,2,0.2,10.8,54.0,1,1,1.0,0.0,0.0,0.0,normal
2,132,2,0.2,13.2,66.0,1,1,1.0,0.0,0.0,0.0,normal
5,1405,5,0.5,140.5,281.0,1,1,1.0,0.0,0.0,0.0,normal
50,9380,50,5.0,938.0,187.6,1,10,1.0,0.0,0.0,0.0,normal
1,54,1,0.1,5.4,54.0,1,1,1.0,0.0,0.0,0.0,normal
2,142,2,0.2,14.2,71.0,1,1,1.0,0.0,0.0,0.0,normal
2,147,2,0.2,14.7,73.5,1,1,1.0,0.0,0.0,0.0,normal
43,5580,43,4.3,558.0,129.7674418604651,1,1,1.0,0.0,0.0,0.0,normal
2,132,2,0.2,13.2,66.0,1,1,1.0,0.0,0.0,0.0,normal
1,54,1,0.1,5.4,54.0,1,1,1.0,0.0,0.0,0.0,normal
855,55167,855,85.5,5516.7,64.52280701754385,2,1,1.0,0.0,0.0,0.0,normal
1,54,1,0.1,5.4,54.0,1,1,1.0,0.0,0.0,0.0,normal
2,108,2,0.2,10.8,54.0,1,1,1.0,0.0,0.0,0.0,normal
17,5412,17,1.7,541.2,318.3529411764706,1,1,1.0,0.0,0.0,0.0,normal
570,2480486,570,57.0,248048.6,4351.729824561404,1,8,1.0,0.0,0.0,0.0,normal
9,6462,9,0.9,646.2,718.0,1,1,1.0,0.0,0.0,0.0,normal
2,142,2,0.2,14.2,71.0,1,1,1.0,0.0,0.0,0.0,normal
2,108,2,0.2,10.8,54.0,1,1,1.0,0.0,0.0,0.0,normal
896,57570,896,89.6,5757.0,64.25223214285714,3,1,1.0,0.0,0.0,0.0,normal
2,171,2,0.2,17.1,85.5,1,1,1.0,0.0,0.0,0.0,normal
1,66,1,0.1,6.6,66.0,1,1,1.0,0.0,0.0,0.0,normal
563,2789756,563,56.3,278975.6,4955.161634103019,3,8,0.9982238010657194,0.0017761989342806395,0.0,0.0,normal
1,345,1,0.1,34.5,345.0,1,1,0.0,1.0,0.0,0.0,normal
2,142,2,0.2,14.2,71.0,1,1,1.0,0.0,0.0,0.0,normal
2,147,2,0.2,14.7,73.5,1,1,1.0,0.0,0.0,0.0,normal
1,177,1,0.1,17.7,177.0,1,1,1.0,0.0,0.0,0.0,normal
5,361,5,0.5,36.1,72.2,1,1,1.0,0.0,0.0,0.0,normal
2,132,2,0.2,13.2,66.0,1,1,1.0,0.0,0.0,0.0,normal
710,55461,710,71.0,5546.1,78.11408450704225,3,1,1.0,0.0,0.0,0.0,normal
1,54,1,0.1,5.4,54.0,1,1,1.0,0.0,0.0,0.0,normal
2,447,2,0.2,44.7,223.5,1,1,1.0,0.0,0.0,0.0,normal
385,2150204,385,38.5,215020.4,5584.945454545455,1,6,1.0,0.0,0.0,0.0,normal
3,239,3,0.3,23.9,79.66666666666667,1,1,1.0,0.0,0.0,0.0,normal
1,54,1,0.1,5.4,54.0,1,1,1.0,0.0,0.0,0.0,normal
1,93,1,0.1,9.3,93.0,1,1,1.0,0.0,0.0,0.0,normal
854,46838,854,85.4,4683.8,54.84543325526932,2,1,1.0,0.0,0.0,0.0,normal
1,54,1,0.1,5.4,54.0,1,1,1.0,0.0,0.0,0.0,normal
1,93,1,0.1,9.3,93.0,1,1,1.0,0.0,0.0,0.0,normal
6,2015,6,0.6,201.5,335.8333333333333,1,1,1.0,0.0,0.0,0.0,normal
629,2541387,629,62.9,254138.7,4040.3608903020668,1,8,1.0,0.0,0.0,0.0,normal
10,3064,10,1.0,306.4,306.4,1,1,1.0,0.0,0.0,0.0,normal
2,142,2,0.2,14.2,71.0,1,1,1.0,0.0,0.0,0.0,normal
1,177,1,0.1,17.7,177.0,1,1,1.0,0.0,0.0,0.0,normal
2,132,2,0.2,13.2,66.0,1,1,1.0,0.0,0.0,0.0,normal
826,55876,826,82.6,5587.6,67.64648910411623,3,1,1.0,0.0,0.0,0.0,normal
1,54,1,0.1,5.4,54.0,1,1,1.0,0.0,0.0,0.0,normal
499,2565001,499,49.9,256500.1,5140.28256513026,1,5,1.0,0.0,0.0,0.0,normal
6,1656,6,0.6,165.6,276.0,1,1,1.0,0.0,0.0,0.0,normal
2,142,2,0.2,14.2,71.0,1,1,1.0,0.0,0.0,0.0,normal
1,80,1,0.1,8.0,80.0,1,1,1.0,0.0,0.0,0.0,normal
173,23367,173,17.3,2336.7,135.0693641618497,2,1,1.0,0.0,0.0,0.0,normal
1,54,1,0.1,5.4,54.0,1,1,1.0,0.0,0.0,0.0,normal
135,566277,135,13.5,56627.7,4194.644444444444,1,7,1.0,0.0,0.0,0.0,normal
1,54,1,0.1,5.4,54.0,1,1,1.0,0.0,0.0,0.0,normal
2,142,2,0.2,14.2,71.0,1,1,1.0,0.0,0.0,0.0,normal
1,93,1,0.1,9.3,93.0,1,1,1.0,0.0,0.0,0.0,normal
1,177,1,0.1,17.7,177.0,1,1,1.0,0.0,0.0,0.0,normal
2,132,2,0.2,13.2,66.0,1,1,1.0,0.0,0.0,0.0,normal
1,54,1,0.1,5.4,54.0,1,1,1.0,0.0,0.0,0.0,normal
1441,84218,1441,144.1,8421.8,58.4441360166551,2,1,1.0,0.0,0.0,0.0,normal
1,54,1,0.1,5.4,54.0,1,1,1.0,0.0,0.0,0.0,normal
7,5771,7,0.7,577.1,824.4285714285714,1,1,0.0,1.0,0.0,0.0,normal
14,4138,14,1.4,413.8,295.57142857142856,1,1,1.0,0.0,0.0,0.0,normal
858,4511026,858,85.8,451102.6,5257.606060606061,1,7,0.993006993006993,0.006993006993006993,0.0,0.0,normal
11,5074,11,1.1,507.4,461.27272727272725,1,1,1.0,0.0,0.0,0.0,normal
2,142,2,0.2,14.2,71.0,1,1,1.0,0.0,0.0,0.0,normal
893,65875,893,89.3,6587.5,73.76819708846584,3,1,1.0,0.0,0.0,0.0,normal
12,4871,12,1.2,487.1,405.9166666666667,1,1,1.0,0.0,0.0,0.0,normal
9,2733,9,0.9,273.3,303.6666666666667,1,1,1.0,0.0,0.0,0.0,normal
2,171,2,0.2,17.1,85.5,1,1,1.0,0.0,0.0,0.0,normal
536,2682374,536,53.6,268237.4,5004.429104477612,1,6,1.0,0.0,0.0,0.0,normal
2,142,2,0.2,14.2,71.0,1,1,1.0,0.0,0.0,0.0,normal
1,93,1,0.1,9.3,93.0,1,1,1.0,0.0,0.0,0.0,normal
2,132,2,0.2,13.2,66.0,1,1,1.0,0.0,0.0,0.0,normal
419,24384,419,41.9,2438.4,58.19570405727924,1,1,1.0,0.0,0.0,0.0,normal
1,54,1,0.1,5.4,54.0,1,1,1.0,0.0,0.0,0.0,normal
2,1142,2,0.2,114.2,571.0,1,1,1.0,0.0,0.0,0.0,normal
242,1341713,242,24.2,134171.3,5544.268595041322,1,5,1.0,0.0,0.0,0.0,normal
1,177,1,0.1,17.7,177.0,1,1,1.0,0.0,0.0,0.0,normal
1,54,1,0.1,5.4,54.0,1,1,1.0,0.0,0.0,0.0,normal
3,1240,3,0.3,124.0,413.3333333333333,1,1,1.0,0.0,0.0,0.0,normal
13,4222,13,1.3,422.2,324.7692307692308,1,4,1.0,0.0,0.0,0.0,normal
4,1024,4,0.4,102.4,256.0,1,1,1.0,0.0,0.0,0.0,normal
2,142,2,0.2,14.2,71.0,1,1,1.0,0.0,0.0,0.0,normal
2,132,2,0.2,13.2,66.0,1,1,1.0,0.0,0.0,0.0,normal
9,4302,9,0.9,430.2,478.0,1,1,1.0,0.0,0.0,0.0,normal
2,108,2,0.2,10.8,54.0,2,1,1.0,0.0,0.0,0.0,normal
9,2733,9,0.9,273.3,303.6666666666667,1,1,1.0,0.0,0.0,0.0,normal
31,5489,31,3.1,548.9,177.06451612903226,1,8,1.0,0.0,0.0,0.0,normal
2,132,2,0.2,13.2,66.0,1,1,1.0,0.0,0.0,0.0,normal
2,142,2,0.2,14.2,71.0,1,1,1.0,0.0,0.0,0.0,normal
2,108,2,0.2,10.8,54.0,1,1,1.0,0.0,0.0,0.0,normal
1,177,1,0.1,17.7,177.0,1,1,1.0,0.0,0.0,0.0,normal
1,80,1,0.1,8.0,80.0,1,1,1.0,0.0,0.0,0.0,normal
832,47460,832,83.2,4746.0,57.04326923076923,3,1,1.0,0.0,0.0,0.0,normal
1,54,1,0.1,5.4,54.0,1,1,1.0,0.0,0.0,0.0,normal
6,2015,6,0.6,201.5,335.8333333333333,1,1,1.0,0.0,0.0,0.0,normal
433,2572061,433,43.3,257206.1,5940.094688221709,2,7,0.9976905311778291,0.0023094688221709007,0.0,0.0,normal
1,489,1,0.1,48.9,489.0,1,1,0.0,1.0,0.0,0.0,normal
5,1599,5,0.5,159.9,319.8,1,1,1.0,0.0,0.0,0.0,normal
2,142,2,0.2,14.2,71.0,1,1,1.0,0.0,0.0,0.0,normal
2,132,2,0.2,13.2,66.0,1,1,1.0,0.0,0.0,0.0,normal
1,54,1,0.1,5.4,54.0,1,1,1.0,0.0,0.0,0.0,normal
1,54,1,0.1,5.4,54.0,1,1,1.0,0.0,0.0,0.0,normal
1,54,1,0.1,5.4,54.0,1,1,1.0,0.0,0.0,0.0,normal
5,1405,5,0.5,140.5,281.0,1,1,1.0,0.0,0.0,0.0,normal
26,6125,26,2.6,612.5,235.57692307692307,1,8,1.0,0.0,0.0,0.0,normal
8,3766,8,0.8,376.6,470.75,1,1,1.0,0.0,0.0,0.0,normal
2,142,2,0.2,14.2,71.0,1,1,1.0,0.0,0.0,0.0,normal
2,108,2,0.2,10.8,54.0,1,1,1.0,0.0,0.0,0.0,normal
1,177,1,0.1,17.7,177.0,1,1,1.0,0.0,0.0,0.0,normal
902,51713,902,90.2,5171.3,57.331485587583146,3,1,1.0,0.0,0.0,0.0,normal
28,7571,28,2.8,757.1,270.39285714285717,2,1,1.0,0.0,0.0,0.0,normal
17,5040,17,1.7,504.0,296.47058823529414,1,1,1.0,0.0,0.0,0.0,normal
32,10202,32,3.2,1020.2,318.8125,1,1,1.0,0.0,0.0,0.0,normal
747,2655029,747,74.7,265502.9,3554.255689424364,1,6,1.0,0.0,0.0,0.0,normal
2,142,2,0.2,14.2,71.0,1,1,1.0,0.0,0.0,0.0,normal
22,5070,22,2.2,507.0,230.45454545454547,1,1,1.0,0.0,0.0,0.0,normal
2,132,2,0.2,13.2,66.0,1,1,1.0,0.0,0.0,0.0,normal
14,8704,14,1.4,870.4,621.7142857142857,3,1,1.0,0.0,0.0,0.0,normal
1,54,1,0.1,5.4,54.0,1,1,1.0,0.0,0.0,0.0,normal
9,2733,9,0.9,273.3,303.6666666666667,1,1,1.0,0.0,0.0,0.0,normal
4,625,4,0.4,62.5,156.25,1,1,1.0,0.0,0.0,0.0,normal
46,7997,46,4.6,799.7,173.84782608695653,2,9,0.9565217391304348,0.043478260869565216,0.0,0.0,normal
2,212,2,0.2,21.2,106.0,2,1,0.0,1.0,0.0,0.0,normal
11,5335,11,1.1,533.5,485.0,1,1,1.0,0.0,0.0,0.0,normal
2,142,2,0.2,14.2,71.0,1,1,1.0,0.0,0.0,0.0,normal
1,178,1,0.1,17.8,178.0,1,1,1.0,0.0,0.0,0.0,normal
19,16779,19,1.9,1677.9,883.1052631578947,1,1,1.0,0.0,0.0,0.0,normal
3,162,3,0.3,16.2,54.0,1,1,1.0,0.0,0.0,0.0,normal
22,6794,22,2.2,679.4,308.8181818181818,1,1,1.0,0.0,0.0,0.0,normal
51,15315,51,5.1,1531.5,300.29411764705884,2,5,0.9803921568627451,0.0196078431372549,0.0,0.0,normal
1,118,1,0.1,11.8,118.0,1,1,0.0,1.0,0.0,0.0,normal
4,1045,4,0.4,104.5,261.25,1,1,1.0,0.0,0.0,0.0,normal
6,389,6,0.6,38.9,64.83333333333333,1,1,1.0,0.0,0.0,0.0,normal
2,147,2,0.2,14.7,73.5,1,1,1.0,0.0,0.0,0.0,normal
1338,74865,1338,133.8,7486.5,55.95291479820628,3,1,1.0,0.0,0.0,0.0,normal
1,230,1,0.1,23.0,230.0,1,1,0.0,1.0,0.0,0.0,normal
966,3854898,966,96.6,385489.8,3990.577639751553,2,6,0.9989648033126294,0.0010351966873706005,0.0,0.0,normal
2,142,2,0.2,14.2,71.0,1,1,1.0,0.0,0.0,0.0,normal
1,178,1,0.1,17.8,178.0,1,1,1.0,0.0,0.0,0.0,normal
22,6135,22,2.2,613.5,278.8636363636364,2,1,1.0,0.0,0.0,0.0,normal
1,80,1,0.1,8.0,80.0,1,1,1.0,0.0,0.0,0.0,normal
1783,124031,1783,178.3,12403.1,69.56309590577678,3,1,1.0,0.0,0.0,0.0,normal
17,5927,17,1.7,592.7,348.6470588235294,1,1,1.0,0.0,0.0,0.0,normal
24,7458,24,2.4,745.8,310.75,1,1,1.0,0.0,0.0,0.0,normal
880,4817203,880,88.0,481720.3,5474.094318181818,2,9,0.9988636363636364,0.0011363636363636363,0.0,0.0,normal
1,54,1,0.1,5.4,54.0,1,1,1.0,0.0,0.0,0.0,normal
8,3035,8,0.8,303.5,379.375,1,1,1.0,0.0,0.0,0.0,normal
2,142,2,0.2,14.2,71.0,1,1,1.0,0.0,0.0,0.0,normal
1,54,1,0.1,5.4,54.0,1,1,1.0,0.0,0.0,0.0,normal
13,8065,13,1.3,806.5,620.3846153846154,2,1,0.5384615384615384,0.46153846153846156,0.0,0.0,normal
11,3397,11,1.1,339.7,308.8181818181818,1,1,1.0,0.0,0.0,0.0,normal
38,12731,38,3.8,1273.1,335.0263157894737,1,5,0.868421052631579,0.13157894736842105,0.0,0.0,normal
6,2863,6,0.6,286.3,477.1666666666667,1,1,1.0,0.0,0.0,0.0,normal
2,142,2,0.2,14.2,71.0,1,1,1.0,0.0,0.0,0.0,normal
1,178,1,0.1,17.8,178.0,1,1,1.0,0.0,0.0,0.0,normal
2,132,2,0.2,13.2,66.0,1,1,1.0,0.0,0.0,0.0,normal
2,108,2,0.2,10.8,54.0,2,1,1.0,0.0,0.0,0.0,normal
4,294,4,0.4,29.4,73.5,2,1,1.0,0.0,0.0,0.0,normal
2,147,2,0.2,14.7,73.5,1,1,1.0,0.0,0.0,0.0,normal
7,971,7,0.7,97.1,138.71428571428572,1,1,1.0,0.0,0.0,0.0,normal
7,2069,7,0.7,206.9,295.57142857142856,1,1,1.0,0.0,0.0,0.0,normal
34,16104,34,3.4,1610.4,473.6470588235294,1,10,1.0,0.0,0.0,0.0,normal
4,1049,4,0.4,104.9,262.25,1,1,1.0,0.0,0.0,0.0,normal
2,142,2,0.2,14.2,71.0,1,1,1.0,0.0,0.0,0.0,normal
2,147,2,0.2,14.7,73.5,1,1,1.0,0.0,0.0,0.0,normal
7,7787,7,0.7,778.7,1112.4285714285713,3,1,1.0,0.0,0.0,0.0,normal
6,861,6,0.6,86.1,143.5,1,1,1.0,0.0,0.0,0.0,normal
4,623,4,0.4,62.3,155.75,1,1,1.0,0.0,0.0,0.0,normal
20,13179,20,2.0,1317.9,658.95,1,6,1.0,0.0,0.0,0.0,normal
3,239,3,0.3,23.9,79.66666666666667,1,1,1.0,0.0,0.0,0.0,normal
2,142,2,0.2,14.2,71.0,1,1,1.0,0.0,0.0,0.0,normal
1,178,1,0.1,17.8,178.0,1,1,1.0,0.0,0.0,0.0,normal
2,132,2,0.2,13.2,66.0,1,1,1.0,0.0,0.0,0.0,normal
2,147,2,0.2,14.7,73.5,1,1,1.0,0.0,0.0,0.0,normal
469,32931,469,46.9,3293.1,70.21535181236673,4,1,1.0,0.0,0.0,0.0,normal
360,1375390,360,36.0,137539.0,3820.527777777778,2,6,0.9861111111111112,0.013888888888888888,0.0,0.0,normal
5,1208,5,0.5,120.8,241.6,5,1,0.0,1.0,0.0,0.0,normal
2,142,2,0.2,14.2,71.0,1,1,1.0,0.0,0.0,0.0,normal
17,16938,17,1.7,1693.8,996.3529411764706,1,1,1.0,0.0,0.0,0.0,normal
1,66,1,0.1,6.6,66.0,1,1,1.0,0.0,0.0,0.0,normal
2,147,2,0.2,14.7,73.5,1,1,1.0,0.0,0.0,0.0,normal
1455,90136,1455,145.5,9013.6,61.94914089347079,3,1,1.0,0.0,0.0,0.0,normal
7,2069,7,0.7,206.9,295.57142857142856,1,1,1.0,0.0,0.0,0.0,normal
129,323746,129,12.9,32374.6,2509.6589147286822,1,1,1.0,0.0,0.0,0.0,normal
1102,4282339,1102,110.2,428233.9,3885.970054446461,3,10,0.9954627949183303,0.004537205081669692,0.0,0.0,normal
4,504,4,0.4,50.4,126.0,4,1,0.0,1.0,0.0,0.0,normal
3,995,3,0.3,99.5,331.6666666666667,1,1,1.0,0.0,0.0,0.0,normal
2,142,2,0.2,14.2,71.0,1,1,1.0,0.0,0.0,0.0,normal
1,178,1,0.1,17.8,178.0,1,1,1.0,0.0,0.0,0.0,normal
1,298,1,0.1,29.8,298.0,1,1,0.0,1.0,0.0,0.0,normal
8,4443,8,0.8,444.3,555.375,1,1,1.0,0.0,0.0,0.0,normal
4,279,4,0.4,27.9,69.75,2,1,1.0,0.0,0.0,0.0,normal
1,80,1,0.1,8.0,80.0,1,1,1.0,0.0,0.0,0.0,normal
1251,103428,1251,125.1,10342.8,82.67625899280576,3,1,1.0,0.0,0.0,0.0,normal
11,3397,11,1.1,339.7,308.8181818181818,1,1,1.0,0.0,0.0,0.0,normal
818,3562147,818,81.8,356214.7,4354.70293398533,2,9,0.9975550122249389,0.0024449877750611247,0.0,0.0,normal
2,684,2,0.2,68.4,342.0,2,1,0.0,1.0,0.0,0.0,normal
1,54,1,0.1,5.4,54.0,1,1,1.0,0.0,0.0,0.0,normal
2,142,2,0.2,14.2,71.0,1,1,1.0,0.0,0.0,0.0,normal
11,6424,11,1.1,642.4,584.0,1,1,1.0,0.0,0.0,0.0,normal
1,54,1,0.1,5.4,54.0,1,1,1.0,0.0,0.0,0.0,normal
1,54,1,0.1,5.4,54.0,1,1,1.0,0.0,0.0,0.0,normal
4,2014,4,0.4,201.4,503.5,2,1,1.0,0.0,0.0,0.0,normal
2,186,2,0.2,18.6,93.0,2,1,1.0,0.0,0.0,0.0,normal
1,93,1,0.1,9.3,93.0,1,1,1.0,0.0,0.0,0.0,normal
14,4140,14,1.4,414.0,295.7142857142857,1,1,1.0,0.0,0.0,0.0,normal
72,23560,72,7.2,2356.0,327.22222222222223,1,11,1.0,0.0,0.0,0.0,normal
26,9244,26,2.6,924.4,355.53846153846155,1,1,1.0,0.0,0.0,0.0,normal
2,142,2,0.2,14.2,71.0,1,1,1.0,0.0,0.0,0.0,normal
6,2075,6,0.6,207.5,345.8333333333333,1,1,1.0,0.0,0.0,0.0,normal
1,93,1,0.1,9.3,93.0,1,1,1.0,0.0,0.0,0.0,normal
1,54,1,0.1,5.4,54.0,1,1,1.0,0.0,0.0,0.0,normal
13,1190,13,1.3,119.0,91.53846153846153,1,1,1.0,0.0,0.0,0.0,normal
2,132,2,0.2,13.2,66.0,1,1,1.0,0.0,0.0,0.0,normal
17,3258,17,1.7,325.8,191.64705882352942,1,1,1.0,0.0,0.0,0.0,normal
2,108,2,0.2,10.8,54.0,2,1,1.0,0.0,0.0,0.0,normal
1,93,1,0.1,9.3,93.0,1,1,1.0,0.0,0.0,0.0,normal
17,4939,17,1.7,493.9,290.52941176470586,1,1,1.0,0.0,0.0,0.0,normal
57,26631,57,5.7,2663.1,467.2105263157895,1,8,1.0,0.0,0.0,0.0,normal
4,1054,4,0.4,105.4,263.5,1,1,1.0,0.0,0.0,0.0,normal
2,142,2,0.2,14.2,71.0,1,1,1.0,0.0,0.0,0.0,normal
12,1858,12,1.2,185.8,154.83333333333334,1,1,1.0,0.0,0.0,0.0,normal
8,7895,8,0.8,789.5,986.875,4,1,1.0,0.0,0.0,0.0,normal
1,93,1,0.1,9.3,93.0,1,1,1.0,0.0,0.0,0.0,normal
4,624,4,0.4,62.4,156.0,1,1,1.0,0.0,0.0,0.0,normal
19,1974,19,1.9,197.4,103.89473684210526,1,6,1.0,0.0,0.0,0.0,normal
3,239,3,0.3,23.9,79.66666666666667,1,1,1.0,0.0,0.0,0.0,normal
2,142,2,0.2,14.2,71.0,1,1,1.0,0.0,0.0,0.0,normal
1,178,1,0.1,17.8,178.0,1,1,1.0,0.0,0.0,0.0,normal
2,132,2,0.2,13.2,66.0,1,1,1.0,0.0,0.0,0.0,normal
2,147,2,0.2,14.7,73.5,1,1,1.0,0.0,0.0,0.0,normal
540,31521,540,54.0,3152.1,58.37222222222222,2,1,1.0,0.0,0.0,0.0,normal
488,1412380,488,48.8,141238.0,2894.22131147541,1,6,1.0,0.0,0.0,0.0,normal
2,142,2,0.2,14.2,71.0,1,1,1.0,0.0,0.0,0.0,normal
1,54,1,0.1,5.4,54.0,1,1,1.0,0.0,0.0,0.0,normal
12,1877,12,1.2,187.7,156.41666666666666,1,1,1.0,0.0,0.0,0.0,normal
4,240,4,0.4,24.0,60.0,1,1,1.0,0.0,0.0,0.0,normal
1,54,1,0.1,5.4,54.0,1,1,1.0,0.0,0.0,0.0,normal
2,687,2,0.2,68.7,343.5,1,1,1.0,0.0,0.0,0.0,normal
1,54,1,0.1,5.4,54.0,1,1,1.0,0.0,0.0,0.0,normal
18,3420,18,1.8,342.0,190.0,1,7,1.0,0.0,0.0,0.0,normal
4,1053,4,0.4,105.3,263.25,1,1,1.0,0.0,0.0,0.0,normal
2,142,2,0.2,14.2,71.0,1,1,1.0,0.0,0.0,0.0,normal
1,178,1,0.1,17.8,178.0,1,1,1.0,0.0,0.0,0.0,normal
4,291,4,0.4,29.1,72.75,2,1,1.0,0.0,0.0,0.0,normal
1,80,1,0.1,8.0,80.0,1,1,1.0,0.0,0.0,0.0,normal
102,7368,102,10.2,736.8,72.23529411764706,4,1,1.0,0.0,0.0,0.0,normal
87,305873,87,8.7,30587.3,3515.7816091954023,1,5,1.0,0.0,0.0,0.0,normal
1,54,1,0.1,5.4,54.0,1,1,1.0,0.0,0.0,0.0,normal
2,142,2,0.2,14.2,71.0,1,1,1.0,0.0,0.0,0.0,normal
1,54,1,0.1,5.4,54.0,1,1,1.0,0.0,0.0,0.0,normal
1165,64014,1165,116.5,6401.4,54.94763948497854,3,1,1.0,0.0,0.0,0.0,normal
4,216,4,0.4,21.6,54.0,2,1,1.0,0.0,0.0,0.0,normal
1,93,1,0.1,9.3,93.0,1,1,1.0,0.0,0.0,0.0,normal
15,4725,15,1.5,472.5,315.0,1,1,1.0,0.0,0.0,0.0,normal
708,3721744,708,70.8,372174.4,5256.700564971751,1,10,1.0,0.0,0.0,0.0,normal
9,4383,9,0.9,438.3,487.0,1,1,1.0,0.0,0.0,0.0,normal
2,142,2,0.2,14.2,71.0,1,1,1.0,0.0,0.0,0.0,normal
12,2255,12,1.2,225.5,187.91666666666666,1,1,1.0,0.0,0.0,0.0,normal
53,6411,53,5.3,641.1,120.9622641509434,1,1,1.0,0.0,0.0,0.0,normal
2,108,2,0.2,10.8,54.0,1,1,1.0,0.0,0.0,0.0,normal
2,232,2,0.2,23.2,116.0,1,1,1.0,0.0,0.0,0.0,normal
2,132,2,0.2,13.2,66.0,1,1,1.0,0.0,0.0,0.0,normal
2,147,2,0.2,14.7,73.5,1,1,1.0,0.0,0.0,0.0,normal
808,46406,808,80.8,4640.6,57.43316831683168,3,1,1.0,0.0,0.0,0.0,normal
2,108,2,0.2,10.8,54.0,1,1,1.0,0.0,0.0,0.0,normal
488,2320614,488,48.8,232061.4,4755.356557377049,3,8,0.9979508196721312,0.0020491803278688526,0.0,0.0,normal
1,345,1,0.1,34.5,345.0,1,1,0.0,1.0,0.0,0.0,normal
9,2612,9,0.9,261.2,290.22222222222223,1,1,1.0,0.0,0.0,0.0,normal
1,66,1,0.1,6.6,66.0,1,1,1.0,0.0,0.0,0.0,normal
3,198,3,0.3,19.8,66.0,1,1,1.0,0.0,0.0,0.0,normal
4,240,4,0.4,24.0,60.0,1,1,1.0,0.0,0.0,0.0,normal
875,57404,875,87.5,5740.4,65.60457142857143,3,1,1.0,0.0,0.0,0.0,normal
1,93,1,0.1,9.3,93.0,1,1,1.0,0.0,0.0,0.0,normal
4,628,4,0.4,62.8,157.0,1,1,1.0,0.0,0.0,0.0,normal
494,2542139,494,49.4,254213.9,5146.030364372469,3,10,0.9959514170040485,0.004048582995951417,0.0,0.0,normal
2,240,2,0.2,24.0,120.0,2,1,0.0,1.0,0.0,0.0,normal
3,239,3,0.3,23.9,79.66666666666667,1,1,1.0,0.0,0.0,0.0,normal
2,142,2,0.2,14.2,71.0,1,1,1.0,0.0,0.0,0.0,normal
4,307,4,0.4,30.7,76.75,1,1,1.0,0.0,0.0,0.0,normal
1,54,1,0.1,5.4,54.0,1,1,1.0,0.0,0.0,0.0,normal
2,132,2,0.2,13.2,66.0,1,1,1.0,0.0,0.0,0.0,normal
8,867,8,0.8,86.7,108.375,3,1,1.0,0.0,0.0,0.0,normal
13,4386,13,1.3,438.6,337.38461538461536,2,4,0.6923076923076923,0.3076923076923077,0.0,0.0,normal
2,142,2,0.2,14.2,71.0,1,1,1.0,0.0,0.0,0.0,normal
2,108,2,0.2,10.8,54.0,1,1,1.0,0.0,0.0,0.0,normal
2,108,2,0.2,10.8,54.0,2,1,1.0,0.0,0.0,0.0,normal
8,2622,8,0.8,262.2,327.75,1,1,1.0,0.0,0.0,0.0,normal
1,54,1,0.1,5.4,54.0,1,1,1.0,0.0,0.0,0.0,normal
32,20701,32,3.2,2070.1,646.90625,1,6,1.0,0.0,0.0,0.0,normal
7,1254,7,0.7,125.4,179.14285714285714,1,1,1.0,0.0,0.0,0.0,normal
2,142,2,0.2,14.2,71.0,1,1,1.0,0.0,0.0,0.0,normal
2,132,2,0.2,13.2,66.0,1,1,1.0,0.0,0.0,0.0,normal
1,80,1,0.1,8.0,80.0,1,1,1.0,0.0,0.0,0.0,normal
1239,73716,1239,123.9,7371.6,59.49636803874092,3,1,1.0,0.0,0.0,0.0,normal
808,3631479,808,80.8,363147.9,4494.404702970297,1,6,1.0,0.0,0.0,0.0,normal
1,54,1,0.1,5.4,54.0,1,1,1.0,0.0,0.0,0.0,normal
2,142,2,0.2,14.2,71.0,1,1,1.0,0.0,0.0,0.0,normal
1,54,1,0.1,5.4,54.0,1,1,1.0,0.0,0.0,0.0,normal
950,59878,950,95.0,5987.8,63.02947368421053,4,1,1.0,0.0,0.0,0.0,normal
2,108,2,0.2,10.8,54.0,1,1,1.0,0.0,0.0,0.0,normal
9,2733,9,0.9,273.3,303.6666666666667,1,1,1.0,0.0,0.0,0.0,normal
494,2857092,494,49.4,285709.2,5783.587044534413,1,8,1.0,0.0,0.0,0.0,normal
4,2790,4,0.4,279.0,697.5,1,1,1.0,0.0,0.0,0.0,normal
2,142,2,0.2,14.2,71.0,1,1,1.0,0.0,0.0,0.0,normal
2,147,2,0.2,14.7,73.5,1,1,1.0,0.0,0.0,0.0,normal
2,147,2,0.2,14.7,73.5,1,1,1.0,0.0,0.0,0.0,normal
2,147,2,0.2,14.7,73.5,1,1,1.0,0.0,0.0,0.0,normal
2,132,2,0.2,13.2,66.0,1,1,1.0,0.0,0.0,0.0,normal
1,93,1,0.1,9.3,93.0,1,1,1.0,0.0,0.0,0.0,normal
583,45081,583,58.3,4508.1,77.32590051457976,3,1,1.0,0.0,0.0,0.0,normal
2,108,2,0.2,10.8,54.0,1,1,1.0,0.0,0.0,0.0,normal
5,1405,5,0.5,140.5,281.0,1,1,1.0,0.0,0.0,0.0,normal
285,1685941,285,28.5,168594.1,5915.582456140351,1,7,1.0,0.0,0.0,0.0,normal
4,1051,4,0.4,105.1,262.75,1,1,1.0,0.0,0.0,0.0,normal
2,142,2,0.2,14.2,71.0,1,1,1.0,0.0,0.0,0.0,normal
872,66578,872,87.2,6657.8,76.35091743119266,4,1,1.0,0.0,0.0,0.0,normal
3,1240,3,0.3,124.0,413.3333333333333,1,1,1.0,0.0,0.0,0.0,normal
4,1313,4,0.4,131.3,328.25,1,1,1.0,0.0,0.0,0.0,normal
592,2671049,592,59.2,267104.9,4511.907094594595,1,6,1.0,0.0,0.0,0.0,normal
3,239,3,0.3,23.9,79.66666666666667,1,1,1.0,0.0,0.0,0.0,normal
4,1593,4,0.4,159.3,398.25,1,1,1.0,0.0,0.0,0.0,normal
2,142,2,0.2,14.2,71.0,1,1,1.0,0.0,0.0,0.0,normal
2,132,2,0.2,13.2,66.0,1,1,1.0,0.0,0.0,0.0,normal
896,56637,896,89.6,5663.7,63.2109375,3,1,1.0,0.0,0.0,0.0,normal
461,2693677,461,46.1,269367.7,5843.117136659436,1,3,1.0,0.0,0.0,0.0,normal
2,142,2,0.2,14.2,71.0,1,1,1.0,0.0,0.0,0.0,normal
26,7041,26,2.6,704.1,270.8076923076923,3,1,1.0,0.0,0.0,0.0,normal
7,2094,7,0.7,209.4,299.14285714285717,1,1,1.0,0.0,0.0,0.0,normal
16,14436,16,1.6,1443.6,902.25,1,1,1.0,0.0,0.0,0.0,normal
822,44986,822,82.2,4498.6,54.72749391727494,3,1,1.0,0.0,0.0,0.0,normal
24,7481,24,2.4,748.1,311.7083333333333,1,1,1.0,0.0,0.0,0.0,normal
1,54,1,0.1,5.4,54.0,1,1,1.0,0.0,0.0,0.0,normal
515,2752930,515,51.5,275293.0,5345.495145631068,2,10,0.996116504854369,0.003883495145631068,0.0,0.0,normal
2,260,2,0.2,26.0,130.0,2,1,0.0,1.0,0.0,0.0,normal
18,3283,18,1.8,328.3,182.38888888888889,3,1,1.0,0.0,0.0,0.0,normal
3,1016,3,0.3,101.6,338.6666666666667,1,1,1.0,0.0,0.0,0.0,normal
2,142,2,0.2,14.2,71.0,1,1,1.0,0.0,0.0,0.0,normal
2,132,2,0.2,13.2,66.0,1,1,1.0,0.0,0.0,0.0,normal
1,80,1,0.1,8.0,80.0,1,1,1.0,0.0,0.0,0.0,normal
4,288,4,0.4,28.8,72.0,1,1,1.0,0.0,0.0,0.0,normal
391,30992,391,39.1,3099.2,79.26342710997443,4,1,1.0,0.0,0.0,0.0,normal
19,6053,19,1.9,605.3,318.57894736842104,1,1,1.0,0.0,0.0,0.0,normal
1,230,1,0.1,23.0,230.0,1,1,0.0,1.0,0.0,0.0,normal
213,902526,213,21.3,90252.6,4237.211267605634,3,9,0.9906103286384976,0.009389671361502348,0.0,0.0,normal
1,489,1,0.1,48.9,489.0,1,1,0.0,1.0,0.0,0.0,normal
1,54,1,0.1,5.4,54.0,1,1,1.0,0.0,0.0,0.0,normal
2,142,2,0.2,14.2,71.0,1,1,1.0,0.0,0.0,0.0,normal
1,54,1,0.1,5.4,54.0,1,1,1.0,0.0,0.0,0.0,normal
2,108,2,0.2,10.8,54.0,1,1,1.0,0.0,0.0,0.0,normal
683,46780,683,68.3,4678.0,68.49194729136164,3,1,1.0,0.0,0.0,0.0,normal
24,7547,24,2.4,754.7,314.4583333333333,1,1,1.0,0.0,0.0,0.0,normal
369,2062963,369,36.9,206296.3,5590.685636856369,1,9,1.0,0.0,0.0,0.0,normal
4,2783,4,0.4,278.3,695.75,1,1,1.0,0.0,0.0,0.0,normal
2,142,2,0.2,14.2,71.0,1,1,1.0,0.0,0.0,0.0,normal
1,93,1,0.1,9.3,93.0,1,1,1.0,0.0,0.0,0.0,normal
1,93,1,0.1,9.3,93.0,1,1,1.0,0.0,0.0,0.0,normal
17,10683,17,1.7,1068.3,628.4117647058823,1,1,1.0,0.0,0.0,0.0,normal
1,93,1,0.1,9.3,93.0,1,1,1.0,0.0,0.0,0.0,normal
2,132,2,0.2,13.2,66.0,1,1,1.0,0.0,0.0,0.0,normal
836,45790,836,83.6,4579.0,54.77272727272727,3,1,1.0,0.0,0.0,0.0,normal
510,2508404,510,51.0,250840.4,4918.439215686274,1,4,1.0,0.0,0.0,0.0,normal
3,1025,3,0.3,102.5,341.6666666666667,1,1,1.0,0.0,0.0,0.0,normal
2,142,2,0.2,14.2,71.0,1,1,1.0,0.0,0.0,0.0,normal
982,84587,982,98.2,8458.7,86.13747454175153,4,1,1.0,0.0,0.0,0.0,normal
10,3286,10,1.0,328.6,328.6,1,1,1.0,0.0,0.0,0.0,normal
4,621,4,0.4,62.1,155.25,1,1,1.0,0.0,0.0,0.0,normal
546,2965596,546,54.6,296559.6,5431.494505494506,1,6,1.0,0.0,0.0,0.0,normal
3,239,3,0.3,23.9,79.66666666666667,1,1,1.0,0.0,0.0,0.0,normal
3,1506,3,0.3,150.6,502.0,1,1,1.0,0.0,0.0,0.0,normal
2,142,2,0.2,14.2,71.0,1,1,1.0,0.0,0.0,0.0,normal
2,132,2,0.2,13.2,66.0,1,1,1.0,0.0,0.0,0.0,normal
961,60736,961,96.1,6073.6,63.20083246618106,3,1,1.0,0.0,0.0,0.0,normal
454,2842681,454,45.4,284268.1,6261.4118942731275,1,3,1.0,0.0,0.0,0.0,normal
2,142,2,0.2,14.2,71.0,1,1,1.0,0.0,0.0,0.0,normal
2,171,2,0.2,17.1,85.5,1,1,1.0,0.0,0.0,0.0,normal
2,171,2,0.2,17.1,85.5,1,1,1.0,0.0,0.0,0.0,normal
2,171,2,0.2,17.1,85.5,1,1,1.0,0.0,0.0,0.0,normal
9,850,9,0.9,85.0,94.44444444444444,2,1,1.0,0.0,0.0,0.0,normal
5,1405,5,0.5,140.5,281.0,1,1,1.0,0.0,0.0,0.0,normal
1,54,1,0.1,5.4,54.0,1,1,1.0,0.0,0.0,0.0,normal
31,6305,31,3.1,630.5,203.38709677419354,2,10,0.9354838709677419,0.06451612903225806,0.0,0.0,normal
2,260,2,0.2,26.0,130.0,2,1,0.0,1.0,0.0,0.0,normal
2,171,2,0.2,17.1,85.5,1,1,1.0,0.0,0.0,0.0,normal
4,1085,4,0.4,108.5,271.25,1,1,1.0,0.0,0.0,0.0,normal
2,142,2,0.2,14.2,71.0,1,1,1.0,0.0,0.0,0.0,normal
2,132,2,0.2,13.2,66.0,1,1,1.0,0.0,0.0,0.0,normal
1,80,1,0.1,8.0,80.0,1,1,1.0,0.0,0.0,0.0,normal
2,108,2,0.2,10.8,54.0,2,1,1.0,0.0,0.0,0.0,normal
16,1151,16,1.6,115.1,71.9375,1,8,1.0,0.0,0.0,0.0,normal
1,54,1,0.1,5.4,54.0,1,1,1.0,0.0,0.0,0.0,normal
2,142,2,0.2,14.2,71.0,1,1,1.0,0.0,0.0,0.0,normal
2,108,2,0.2,10.8,54.0,1,1,1.0,0.0,0.0,0.0,normal
2,108,2,0.2,10.8,54.0,1,1,1.0,0.0,0.0,0.0,normal
2,108,2,0.2,10.8,54.0,1,1,1.0,0.0,0.0,0.0,normal
1,54,1,0.1,5.4,54.0,1,1,1.0,0.0,0.0,0.0,normal
1,54,1,0.1,5.4,54.0,1,1,1.0,0.0,0.0,0.0,normal
15,4680,15,1.5,468.0,312.0,1,1,1.0,0.0,0.0,0.0,normal
29,6356,29,2.9,635.6,219.17241379310346,1,5,1.0,0.0,0.0,0.0,normal
5,3007,5,0.5,300.7,601.4,1,1,1.0,0.0,0.0,0.0,normal
2,142,2,0.2,14.2,71.0,1,1,1.0,0.0,0.0,0.0,normal
2,147,2,0.2,14.7,73.5,1,1,1.0,0.0,0.0,0.0,normal
2,132,2,0.2,13.2,66.0,1,1,1.0,0.0,0.0,0.0,normal
983,54256,983,98.3,5425.6,55.19430315361139,3,1,1.0,0.0,0.0,0.0,normal
659,2870600,659,65.9,287060.0,4355.993930197269,1,4,1.0,0.0,0.0,0.0,normal
5,1126,5,0.5,112.6,225.2,1,1,1.0,0.0,0.0,0.0,normal
2,142,2,0.2,14.2,71.0,1,1,1.0,0.0,0.0,0.0,normal
909,59533,909,90.9,5953.3,65.4928492849285,3,1,1.0,0.0,0.0,0.0,normal
4,618,4,0.4,61.8,154.5,1,1,1.0,0.0,0.0,0.0,normal
484,2644497,484,48.4,264449.7,5463.836776859504,1,4,1.0,0.0,0.0,0.0,normal
3,239,3,0.3,23.9,79.66666666666667,1,1,1.0,0.0,0.0,0.0,normal
1,54,1,0.1,5.4,54.0,1,1,1.0,0.0,0.0,0.0,normal
2,132,2,0.2,13.2,66.0,1,1,1.0,0.0,0.0,0.0,normal
1232,84240,1232,123.2,8424.0,68.37662337662337,3,1,1.0,0.0,0.0,0.0,normal
694,3801697,694,69.4,380169.7,5477.949567723343,2,6,0.9956772334293948,0.004322766570605188,0.0,0.0,normal
3,675,3,0.3,67.5,225.0,3,1,0.0,1.0,0.0,0.0,normal
5,1675,5,0.5,167.5,335.0,1,1,1.0,0.0,0.0,0.0,normal
1,88,1,0.1,8.8,88.0,1,1,1.0,0.0,0.0,0.0,normal
1,66,1,0.1,6.6,66.0,1,1,1.0,0.0,0.0,0.0,normal
2,171,2,0.2,17.1,85.5,1,1,1.0,0.0,0.0,0.0,normal
2,171,2,0.2,17.1,85.5,1,1,1.0,0.0,0.0,0.0,normal
2,171,2,0.2,17.1,85.5,1,1,1.0,0.0,0.0,0.0,normal
74,285866,74,7.4,28586.6,3863.054054054054,1,1,1.0,0.0,0.0,0.0,normal
77,6763,77,7.7,676.3,87.83116883116882,2,9,0.974025974025974,0.025974025974025976,0.0,0.0,normal
2,244,2,0.2,24.4,122.0,2,1,0.0,1.0,0.0,0.0,normal
1,105,1,0.1,10.5,105.0,1,1,1.0,0.0,0.0,0.0,normal
2,142,2,0.2,14.2,71.0,1,1,1.0,0.0,0.0,0.0,normal
2,132,2,0.2,13.2,66.0,1,1,1.0,0.0,0.0,0.0,normal
1,80,1,0.1,8.0,80.0,1,1,1.0,0.0,0.0,0.0,normal
2,108,2,0.2,10.8,54.0,2,1,1.0,0.0,0.0,0.0,normal
7,2069,7,0.7,206.9,295.57142857142856,1,1,1.0,0.0,0.0,0.0,normal
25,4622,25,2.5,462.2,184.88,2,9,0.92,0.08,0.0,0.0,normal
2,260,2,0.2,26.0,130.0,2,1,0.0,1.0,0.0,0.0,normal
1,54,1,0.1,5.4,54.0,1,1,1.0,0.0,0.0,0.0,normal
5,1127,5,0.5,112.7,225.4,1,1,1.0,0.0,0.0,0.0,normal
2,142,2,0.2,14.2,71.0,1,1,1.0,0.0,0.0,0.0,normal
1,93,1,0.1,9.3,93.0,1,1,1.0,0.0,0.0,0.0,normal
1,54,1,0.1,5.4,54.0,1,1,1.0,0.0,0.0,0.0,normal
3,162,3,0.3,16.2,54.0,3,1,1.0,0.0,0.0,0.0,normal
7,2069,7,0.7,206.9,295.57142857142856,1,1,1.0,0.0,0.0,0.0,normal
19,3720,19,1.9,372.0,195.78947368421052,1,4,1.0,0.0,0.0,0.0,normal
6,2916,6,0.6,291.6,486.0,1,1,1.0,0.0,0.0,0.0,normal
2,142,2,0.2,14.2,71.0,1,1,1.0,0.0,0.0,0.0,normal
2,132,2,0.2,13.2,66.0,1,1,1.0,0.0,0.0,0.0,normal
24,14672,24,2.4,1467.2,611.3333333333334,1,3,1.0,0.0,0.0,0.0,normal
20,6998,20,2.0,699.8,349.9,1,1,1.0,0.0,0.0,0.0,normal
2,142,2,0.2,14.2,71.0,1,1,1.0,0.0,0.0,0.0,normal
22,31593,22,2.2,3159.3,1436.0454545454545,2,1,1.0,0.0,0.0,0.0,normal
4,625,4,0.4,62.5,156.25,1,1,1.0,0.0,0.0,0.0,normal
27,5778,27,2.7,577.8,214.0,1,5,1.0,0.0,0.0,0.0,normal
3,239,3,0.3,23.9,79.66666666666667,1,1,1.0,0.0,0.0,0.0,normal
5,1984,5,0.5,198.4,396.8,1,1,1.0,0.0,0.0,0.0,normal
2,142,2,0.2,14.2,71.0,1,1,1.0,0.0,0.0,0.0,normal
2,132,2,0.2,13.2,66.0,1,1,1.0,0.0,0.0,0.0,normal
26,6382,26,2.6,638.2,245.46153846153845,2,1,1.0,0.0,0.0,0.0,normal
4,288,4,0.4,28.8,72.0,1,1,1.0,0.0,0.0,0.0,normal
1,54,1,0.1,5.4,54.0,1,1,1.0,0.0,0.0,0.0,normal
12,3451,12,1.2,345.1,287.5833333333333,1,1,1.0,0.0,0.0,0.0,normal
57,17238,57,5.7,1723.8,302.42105263157896,1,8,1.0,0.0,0.0,0.0,normal
2,132,2,0.2,13.2,66.0,1,1,1.0,0.0,0.0,0.0,normal
4,1570,4,0.4,157.0,392.5,1,1,1.0,0.0,0.0,0.0,normal
2,142,2,0.2,14.2,71.0,1,1,1.0,0.0,0.0,0.0,normal
4,288,4,0.4,28.8,72.0,1,1,1.0,0.0,0.0,0.0,normal
4,288,4,0.4,28.8,72.0,1,1,1.0,0.0,0.0,0.0,normal
2,108,2,0.2,10.8,54.0,2,1,1.0,0.0,0.0,0.0,normal
1,54,1,0.1,5.4,54.0,1,1,1.0,0.0,0.0,0.0,normal
13,916,13,1.3,91.6,70.46153846153847,1,5,1.0,0.0,0.0,0.0,normal
2,142,2,0.2,14.2,71.0,1,1,1.0,0.0,0.0,0.0,normal
2,132,2,0.2,13.2,66.0,1,1,1.0,0.0,0.0,0.0,normal
2,108,2,0.2,10.8,54.0,2,1,1.0,0.0,0.0,0.0,normal
13,4061,13,1.3,406.1,312.38461538461536,1,1,1.0,0.0,0.0,0.0,normal
30,5043,30,3.0,504.3,168.1,1,7,1.0,0.0,0.0,0.0,normal
1,54,1,0.1,5.4,54.0,1,1,1.0,0.0,0.0,0.0,normal
4,1021,4,0.4,102.1,255.25,1,1,1.0,0.0,0.0,0.0,normal
2,142,2,0.2,14.2,71.0,1,1,1.0,0.0,0.0,0.0,normal
2,108,2,0.2,10.8,54.0,1,1,1.0,0.0,0.0,0.0,normal
2,134,2,0.2,13.4,67.0,1,1,1.0,0.0,0.0,0.0,normal
2,108,2,0.2,10.8,54.0,1,1,1.0,0.0,0.0,0.0,normal
13,2928,13,1.3,292.8,225.23076923076923,1,4,1.0,0.0,0.0,0.0,normal
5,3026,5,0.5,302.6,605.2,1,1,1.0,0.0,0.0,0.0,normal
2,142,2,0.2,14.2,71.0,1,1,1.0,0.0,0.0,0.0,normal
2,132,2,0.2,13.2,66.0,1,1,1.0,0.0,0.0,0.0,normal
2,108,2,0.2,10.8,54.0,2,1,1.0,0.0,0.0,0.0,normal
5,338,5,0.5,33.8,67.6,1,3,1.0,0.0,0.0,0.0,normal
2,142,2,0.2,14.2,71.0,1,1,1.0,0.0,0.0,0.0,normal
6,7673,6,0.6,767.3,1278.8333333333333,2,1,1.0,0.0,0.0,0.0,normal
4,619,4,0.4,61.9,154.75,1,1,1.0,0.0,0.0,0.0,normal
25,4911,25,2.5,491.1,196.44,3,8,0.96,0.04,0.0,0.0,normal
1,345,1,0.1,34.5,345.0,1,1,0.0,1.0,0.0,0.0,normal
3,239,3,0.3,23.9,79.66666666666667,1,1,1.0,0.0,0.0,0.0,normal
4,1017,4,0.4,101.7,254.25,1,1,1.0,0.0,0.0,0.0,normal
2,142,2,0.2,14.2,71.0,1,1,1.0,0.0,0.0,0.0,normal
1,66,1,0.1,6.6,66.0,1,1,1.0,0.0,0.0,0.0,normal
5,361,5,0.5,36.1,72.2,1,1,1.0,0.0,0.0,0.0,normal
2,132,2,0.2,13.2,66.0,1,1,1.0,0.0,0.0,0.0,normal
2,147,2,0.2,14.7,73.5,1,1,1.0,0.0,0.0,0.0,normal
11,2430,11,1.1,243.0,220.9090909090909,1,4,1.0,0.0,0.0,0.0,normal
4,2492,4,0.4,249.2,623.0,1,1,1.0,0.0,0.0,0.0,normal
2,142,2,0.2,14.2,71.0,1,1,1.0,0.0,0.0,0.0,normal
18,20135,18,1.8,2013.5,1118.611111111111,1,1,1.0,0.0,0.0,0.0,normal
2,108,2,0.2,10.8,54.0,2,1,1.0,0.0,0.0,0.0,normal
9,2733,9,0.9,273.3,303.6666666666667,1,1,1.0,0.0,0.0,0.0,normal
1,54,1,0.1,5.4,54.0,1,1,1.0,0.0,0.0,0.0,normal
36,7234,36,3.6,723.4,200.94444444444446,1,6,1.0,0.0,0.0,0.0,normal
4,1460,4,0.4,146.0,365.0,1,1,1.0,0.0,0.0,0.0,normal
2,142,2,0.2,14.2,71.0,1,1,1.0,0.0,0.0,0.0,normal
2,132,2,0.2,13.2,66.0,1,1,1.0,0.0,0.0,0.0,normal
1,80,1,0.1,8.0,80.0,1,1,1.0,0.0,0.0,0.0,normal
2,108,2,0.2,10.8,54.0,2,1,1.0,0.0,0.0,0.0,normal
13,4061,13,1.3,406.1,312.38461538461536,1,1,1.0,0.0,0.0,0.0,normal
25,4655,25,2.5,465.5,186.2,1,7,1.0,0.0,0.0,0.0,normal
1,54,1,0.1,5.4,54.0,1,1,1.0,0.0,0.0,0.0,normal
4,1033,4,0.4,103.3,258.25,1,1,1.0,0.0,0.0,0.0,normal
2,142,2,0.2,14.2,71.0,1,1,1.0,0.0,0.0,0.0,normal
1,54,1,0.1,5.4,54.0,1,1,1.0,0.0,0.0,0.0,normal
9,2688,9,0.9,268.8,298.6666666666667,1,1,1.0,0.0,0.0,0.0,normal
17,4911,17,1.7,491.1,288.88235294117646,1,3,1.0,0.0,0.0,0.0,normal
5,2840,5,0.5,284.0,568.0,1,1,1.0,0.0,0.0,0.0,normal
2,142,2,0.2,14.2,71.0,1,1,1.0,0.0,0.0,0.0,normal
2,132,2,0.2,13.2,66.0,1,1,1.0,0.0,0.0,0.0,normal
2,108,2,0.2,10.8,54.0,2,1,1.0,0.0,0.0,0.0,normal
3,190,3,0.3,19.0,63.333333333333336,1,2,1.0,0.0,0.0,0.0,normal
6,7757,6,0.6,775.7,1292.8333333333333,2,1,1.0,0.0,0.0,0.0,normal
13,6368,13,1.3,636.8,489.84615384615387,1,1,1.0,0.0,0.0,0.0,normal
4,1317,4,0.4,131.7,329.25,1,1,1.0,0.0,0.0,0.0,normal
37,15492,37,3.7,1549.2,418.7027027027027,2,7,0.9459459459459459,0.05405405405405406,0.0,0.0,normal
2,422,2,0.2,42.2,211.0,2,1,0.0,1.0,0.0,0.0,normal
3,239,3,0.3,23.9,79.66666666666667,1,1,1.0,0.0,0.0,0.0,normal
6,1395,6,0.6,139.5,232.5,1,1,1.0,0.0,0.0,0.0,normal
2,142,2,0.2,14.2,71.0,1,1,1.0,0.0,0.0,0.0,normal
2,132,2,0.2,13.2,66.0,1,1,1.0,0.0,0.0,0.0,normal
1,93,1,0.1,9.3,93.0,1,1,1.0,0.0,0.0,0.0,normal
5,377,5,0.5,37.7,75.4,1,3,1.0,0.0,0.0,0.0,normal
2,142,2,0.2,14.2,71.0,1,1,1.0,0.0,0.0,0.0,normal
2,147,2,0.2,14.7,73.5,1,1,1.0,0.0,0.0,0.0,normal
2,108,2,0.2,10.8,54.0,2,1,1.0,0.0,0.0,0.0,normal
1,54,1,0.1,5.4,54.0,1,1,1.0,0.0,0.0,0.0,normal
9,617,9,0.9,61.7,68.55555555555556,1,5,1.0,0.0,0.0,0.0,normal
2,156,2,0.2,15.6,78.0,1,1,1.0,0.0,0.0,0.0,normal
2,142,2,0.2,14.2,71.0,1,1,1.0,0.0,0.0,0.0,normal
2,132,2,0.2,13.2,66.0,1,1,1.0,0.0,0.0,0.0,normal
1,95,1,0.1,9.5,95.0,1,1,1.0,0.0,0.0,0.0,normal
2,108,2,0.2,10.8,54.0,2,1,1.0,0.0,0.0,0.0,normal
1,54,1,0.1,5.4,54.0,1,1,1.0,0.0,0.0,0.0,normal
8,2123,8,0.8,212.3,265.375,1,1,1.0,0.0,0.0,0.0,normal
30,6710,30,3.0,671.0,223.66666666666666,2,9,0.9666666666666667,0.03333333333333333,0.0,0.0,normal
1,489,1,0.1,48.9,489.0,1,1,0.0,1.0,0.0,0.0,normal
1,54,1,0.1,5.4,54.0,1,1,1.0,0.0,0.0,0.0,normal
10,2725,10,1.0,272.5,272.5,1,1,1.0,0.0,0.0,0.0,normal
2,142,2,0.2,14.2,71.0,1,1,1.0,0.0,0.0,0.0,normal
35,19924,35,3.5,1992.4,569.2571428571429,4,1,1.0,0.0,0.0,0.0,normal
4,240,4,0.4,24.0,60.0,1,1,1.0,0.0,0.0,0.0,normal
42,12990,42,4.2,1299.0,309.2857142857143,1,1,1.0,0.0,0.0,0.0,normal
98,26504,98,9.8,2650.4,270.44897959183675,1,6,1.0,0.0,0.0,0.0,normal
14,9628,14,1.4,962.8,687.7142857142857,1,1,1.0,0.0,0.0,0.0,normal
4,2768,4,0.4,276.8,692.0,1,1,1.0,0.0,0.0,0.0,normal
2,142,2,0.2,14.2,71.0,1,1,1.0,0.0,0.0,0.0,normal
2,132,2,0.2,13.2,66.0,1,1,1.0,0.0,0.0,0.0,normal
2,108,2,0.2,10.8,54.0,2,1,1.0,0.0,0.0,0.0,normal
5,338,5,0.5,33.8,67.6,1,3,1.0,0.0,0.0,0.0,normal
2,142,2,0.2,14.2,71.0,1,1,1.0,0.0,0.0,0.0,normal
2,108,2,0.2,10.8,54.0,1,1,1.0,0.0,0.0,0.0,normal
6,7601,6,0.6,760.1,1266.8333333333333,1,1,1.0,0.0,0.0,0.0,normal
7,1415,7,0.7,141.5,202.14285714285714,1,1,1.0,0.0,0.0,0.0,normal
9,2733,9,0.9,273.3,303.6666666666667,1,1,1.0,0.0,0.0,0.0,normal
4,627,4,0.4,62.7,156.75,1,1,1.0,0.0,0.0,0.0,normal
34,5705,34,3.4,570.5,167.7941176470588,1,8,1.0,0.0,0.0,0.0,normal
3,239,3,0.3,23.9,79.66666666666667,1,1,1.0,0.0,0.0,0.0,normal
4,1049,4,0.4,104.9,262.25,1,1,1.0,0.0,0.0,0.0,normal
2,142,2,0.2,14.2,71.0,1,1,1.0,0.0,0.0,0.0,normal
2,132,2,0.2,13.2,66.0,1,1,1.0,0.0,0.0,0.0,normal
1,54,1,0.1,5.4,54.0,1,1,1.0,0.0,0.0,0.0,normal
8,563,8,0.8,56.3,70.375,1,4,1.0,0.0,0.0,0.0,normal
4,279,4,0.4,27.9,69.75,1,1,1.0,0.0,0.0,0.0,normal
2,142,2,0.2,14.2,71.0,1,1,1.0,0.0,0.0,0.0,normal
1,93,1,0.1,9.3,93.0,1,1,1.0,0.0,0.0,0.0,normal
2,108,2,0.2,10.8,54.0,2,1,1.0,0.0,0.0,0.0,normal
1,54,1,0.1,5.4,54.0,1,1,1.0,0.0,0.0,0.0,normal
7,457,7,0.7,45.7,65.28571428571429,1,4,1.0,0.0,0.0,0.0,normal
2,142,2,0.2,14.2,71.0,1,1,1.0,0.0,0.0,0.0,normal
3,198,3,0.3,19.8,66.0,1,1,1.0,0.0,0.0,0.0,normal
1,54,1,0.1,5.4,54.0,1,1,1.0,0.0,0.0,0.0,normal
1,54,1,0.1,5.4,54.0,1,1,1.0,0.0,0.0,0.0,normal
2,687,2,0.2,68.7,343.5,1,1,1.0,0.0,0.0,0.0,normal
17,3423,17,1.7,342.3,201.35294117647058,2,8,0.8823529411764706,0.11764705882352941,0.0,0.0,normal
2,260,2,0.2,26.0,130.0,2,1,0.0,1.0,0.0,0.0,normal
1,54,1,0.1,5.4,54.0,1,1,1.0,0.0,0.0,0.0,normal
3,999,3,0.3,99.9,333.0,1,1,1.0,0.0,0.0,0.0,normal
2,142,2,0.2,14.2,71.0,1,1,1.0,0.0,0.0,0.0,normal
2,133,2,0.2,13.3,66.5,1,1,1.0,0.0,0.0,0.0,normal
1,54,1,0.1,5.4,54.0,1,1,1.0,0.0,0.0,0.0,normal
11,3397,11,1.1,339.7,308.8181818181818,1,1,1.0,0.0,0.0,0.0,normal
30,6361,30,3.0,636.1,212.03333333333333,1,5,1.0,0.0,0.0,0.0,normal
9,4321,9,0.9,432.1,480.1111111111111,1,1,1.0,0.0,0.0,0.0,normal
1,54,1,0.1,5.4,54.0,1,1,1.0,0.0,0.0,0.0,normal
2,132,2,0.2,13.2,66.0,1,1,1.0,0.0,0.0,0.0,normal
2,108,2,0.2,10.8,54.0,2,1,1.0,0.0,0.0,0.0,normal
4,244,4,0.4,24.4,61.0,1,3,1.0,0.0,0.0,0.0,normal
1,88,1,0.1,8.8,88.0,1,1,1.0,0.0,0.0,0.0,normal
8,8356,8,0.8,835.6,1044.5,2,1,1.0,0.0,0.0,0.0,normal
1,54,1,0.1,5.4,54.0,1,1,1.0,0.0,0.0,0.0,normal
11,3397,11,1.1,339.7,308.8181818181818,1,1,1.0,0.0,0.0,0.0,normal
4,619,4,0.4,61.9,154.75,1,1,1.0,0.0,0.0,0.0,normal
60,23828,60,6.0,2382.8,397.1333333333333,1,8,0.65,0.35,0.0,0.0,normal
23,7754,23,2.3,775.4,337.1304347826087,2,1,0.2608695652173913,0.7391304347826086,0.0,0.0,normal
3,239,3,0.3,23.9,79.66666666666667,1,1,1.0,0.0,0.0,0.0,normal
4,1042,4,0.4,104.2,260.5,1,1,1.0,0.0,0.0,0.0,normal
2,142,2,0.2,14.2,71.0,1,1,1.0,0.0,0.0,0.0,normal
2,132,2,0.2,13.2,66.0,1,1,1.0,0.0,0.0,0.0,normal
2,108,2,0.2,10.8,54.0,1,1,1.0,0.0,0.0,0.0,normal
7,544,7,0.7,54.4,77.71428571428571,2,4,0.8571428571428571,0.14285714285714285,0.0,0.0,normal
1,489,1,0.1,48.9,489.0,1,1,0.0,1.0,0.0,0.0,normal
2,142,2,0.2,14.2,71.0,1,1,1.0,0.0,0.0,0.0,normal
1,66,1,0.1,6.6,66.0,1,1,1.0,0.0,0.0,0.0,normal
1,54,1,0.1,5.4,54.0,1,1,1.0,0.0,0.0,0.0,normal
103,312681,103,10.3,31268.1,3035.73786407767,1,1,1.0,0.0,0.0,0.0,normal
99,7983,99,9.9,798.3,80.63636363636364,2,5,0.9797979797979798,0.020202020202020204,0.0,0.0,normal
2,244,2,0.2,24.4,122.0,2,1,0.0,1.0,0.0,0.0,normal
2,142,2,0.2,14.2,71.0,1,1,1.0,0.0,0.0,0.0,normal
2,132,2,0.2,13.2,66.0,1,1,1.0,0.0,0.0,0.0,normal
1,54,1,0.1,5.4,54.0,1,1,1.0,0.0,0.0,0.0,normal
2,108,2,0.2,10.8,54.0,1,1,1.0,0.0,0.0,0.0,normal
13,4061,13,1.3,406.1,312.38461538461536,1,1,1.0,0.0,0.0,0.0,normal
19,4457,19,1.9,445.7,234.57894736842104,2,8,0.9473684210526315,0.05263157894736842,0.0,0.0,normal
1,142,1,0.1,14.2,142.0,1,1,0.0,1.0,0.0,0.0,normal
1,54,1,0.1,5.4,54.0,1,1,1.0,0.0,0.0,0.0,normal
5,1328,5,0.5,132.8,265.6,1,1,1.0,0.0,0.0,0.0,normal
2,142,2,0.2,14.2,71.0,1,1,1.0,0.0,0.0,0.0,normal
2,133,2,0.2,13.3,66.5,1,1,1.0,0.0,0.0,0.0,normal
7,2069,7,0.7,206.9,295.57142857142856,1,1,1.0,0.0,0.0,0.0,normal
20,5648,20,2.0,564.8,282.4,1,4,1.0,0.0,0.0,0.0,normal
10,4404,10,1.0,440.4,440.4,1,1,1.0,0.0,0.0,0.0,normal
2,142,2,0.2,14.2,71.0,1,1,1.0,0.0,0.0,0.0,normal
2,132,2,0.2,13.2,66.0,1,1,1.0,0.0,0.0,0.0,normal
1,54,1,0.1,5.4,54.0,1,1,1.0,0.0,0.0,0.0,normal
21,14840,21,2.1,1484.0,706.6666666666666,1,4,1.0,0.0,0.0,0.0,normal
18,5184,18,1.8,518.4,288.0,1,1,1.0,0.0,0.0,0.0,normal
2,142,2,0.2,14.2,71.0,1,1,1.0,0.0,0.0,0.0,normal
6,2232,6,0.6,223.2,372.0,1,1,1.0,0.0,0.0,0.0,normal
8,4186,8,0.8,418.6,523.25,2,1,1.0,0.0,0.0,0.0,normal
26,6679,26,2.6,667.9,256.88461538461536,2,1,1.0,0.0,0.0,0.0,normal
6,7586,6,0.6,758.6,1264.3333333333333,1,1,1.0,0.0,0.0,0.0,normal
38,11660,38,3.8,1166.0,306.8421052631579,1,1,1.0,0.0,0.0,0.0,normal
175,84532,175,17.5,8453.2,483.04,3,1,1.0,0.0,0.0,0.0,normal
272,126240,272,27.2,12624.0,464.11764705882354,2,11,0.9926470588235294,0.007352941176470588,0.0,0.0,normal
2,240,2,0.2,24.0,120.0,2,1,0.0,1.0,0.0,0.0,normal
2,147,2,0.2,14.7,73.5,1,1,1.0,0.0,0.0,0.0,normal
3,239,3,0.3,23.9,79.66666666666667,1,1,1.0,0.0,0.0,0.0,normal
5,1111,5,0.5,111.1,222.2,1,1,1.0,0.0,0.0,0.0,normal
2,142,2,0.2,14.2,71.0,1,1,1.0,0.0,0.0,0.0,normal
2,132,2,0.2,13.2,66.0,1,1,1.0,0.0,0.0,0.0,normal
130,68324,130,13.0,6832.4,525.5692307692308,1,1,1.0,0.0,0.0,0.0,normal
130,105954,130,13.0,10595.4,815.0307692307692,1,3,1.0,0.0,0.0,0.0,normal
2,142,2,0.2,14.2,71.0,1,1,1.0,0.0,0.0,0.0,normal
7,4090,7,0.7,409.0,584.2857142857143,1,1,1.0,0.0,0.0,0.0,normal
1,54,1,0.1,5.4,54.0,1,1,1.0,0.0,0.0,0.0,normal
1,54,1,0.1,5.4,54.0,1,1,1.0,0.0,0.0,0.0,normal
17,6623,17,1.7,662.3,389.5882352941176,2,1,1.0,0.0,0.0,0.0,normal
38,10543,38,3.8,1054.3,277.44736842105266,1,5,1.0,0.0,0.0,0.0,normal
2,142,2,0.2,14.2,71.0,1,1,1.0,0.0,0.0,0.0,normal
2,132,2,0.2,13.2,66.0,1,1,1.0,0.0,0.0,0.0,normal
14,3096,14,1.4,309.6,221.14285714285714,1,1,1.0,0.0,0.0,0.0,normal
1,54,1,0.1,5.4,54.0,1,1,1.0,0.0,0.0,0.0,normal
12,3474,12,1.2,347.4,289.5,1,1,1.0,0.0,0.0,0.0,normal
198,82030,198,19.8,8203.0,414.2929292929293,1,1,1.0,0.0,0.0,0.0,normal
217,125255,217,21.7,12525.5,577.2119815668203,2,9,0.9953917050691244,0.004608294930875576,0.0,0.0,normal
1,142,1,0.1,14.2,142.0,1,1,0.0,1.0,0.0,0.0,normal
1,54,1,0.1,5.4,54.0,1,1,1.0,0.0,0.0,0.0,normal
5,1103,5,0.5,110.3,220.6,1,1,1.0,0.0,0.0,0.0,normal
2,142,2,0.2,14.2,71.0,1,1,1.0,0.0,0.0,0.0,normal
2,133,2,0.2,13.3,66.5,1,1,1.0,0.0,0.0,0.0,normal
11,3397,11,1.1,339.7,308.8181818181818,1,1,1.0,0.0,0.0,0.0,normal
197,98112,197,19.7,9811.2,498.0304568527919,1,1,1.0,0.0,0.0,0.0,normal
210,240817,210,21.0,24081.7,1146.747619047619,1,5,1.0,0.0,0.0,0.0,normal
4,1559,4,0.4,155.9,389.75,1,1,1.0,0.0,0.0,0.0,normal
2,142,2,0.2,14.2,71.0,1,1,1.0,0.0,0.0,0.0,normal
2,132,2,0.2,13.2,66.0,1,1,1.0,0.0,0.0,0.0,normal
1,54,1,0.1,5.4,54.0,1,1,1.0,0.0,0.0,0.0,normal
500,250530,500,50.0,25053.0,501.06,1,1,1.0,0.0,0.0,0.0,normal
453,33576,453,45.3,3357.6,74.11920529801324,1,5,1.0,0.0,0.0,0.0,normal
9,4273,9,0.9,427.3,474.77777777777777,1,1,1.0,0.0,0.0,0.0,normal
2,142,2,0.2,14.2,71.0,1,1,1.0,0.0,0.0,0.0,normal
2,147,2,0.2,14.7,73.5,1,1,1.0,0.0,0.0,0.0,normal
2,147,2,0.2,14.7,73.5,1,1,1.0,0.0,0.0,0.0,normal
18,35391,18,1.8,3539.1,1966.1666666666667,1,1,1.0,0.0,0.0,0.0,normal
12,8018,12,1.2,801.8,668.1666666666666,1,1,1.0,0.0,0.0,0.0,normal
497,253878,497,49.7,25387.8,510.8209255533199,2,1,1.0,0.0,0.0,0.0,normal
501,158502,501,50.1,15850.2,316.37125748502996,3,12,0.9940119760479041,0.005988023952095809,0.0,0.0,normal
3,883,3,0.3,88.3,294.3333333333333,3,1,0.0,1.0,0.0,0.0,normal
1,93,1,0.1,9.3,93.0,1,1,1.0,0.0,0.0,0.0,normal
3,239,3,0.3,23.9,79.66666666666667,1,1,1.0,0.0,0.0,0.0,normal
5,1110,5,0.5,111.0,222.0,1,1,1.0,0.0,0.0,0.0,normal
2,142,2,0.2,14.2,71.0,1,1,1.0,0.0,0.0,0.0,normal
4,307,4,0.4,30.7,76.75,1,1,1.0,0.0,0.0,0.0,normal
1,66,1,0.1,6.6,66.0,1,1,1.0,0.0,0.0,0.0,normal
2,132,2,0.2,13.2,66.0,1,1,1.0,0.0,0.0,0.0,normal
300,154361,300,30.0,15436.1,514.5366666666666,1,1,1.0,0.0,0.0,0.0,normal
283,18710,283,28.3,1871.0,66.113074204947,1,3,1.0,0.0,0.0,0.0,normal
2,142,2,0.2,14.2,71.0,1,1,1.0,0.0,0.0,0.0,normal
1,54,1,0.1,5.4,54.0,1,1,1.0,0.0,0.0,0.0,normal
1,54,1,0.1,5.4,54.0,1,1,1.0,0.0,0.0,0.0,normal
1,54,1,0.1,5.4,54.0,1,1,1.0,0.0,0.0,0.0,normal
5,310,5,0.5,31.0,62.0,1,4,1.0,0.0,0.0,0.0,normal
2,142,2,0.2,14.2,71.0,1,1,1.0,0.0,0.0,0.0,normal
3,198,3,0.3,19.8,66.0,1,1,1.0,0.0,0.0,0.0,normal
2,147,2,0.2,14.7,73.5,1,1,1.0,0.0,0.0,0.0,normal
1,54,1,0.1,5.4,54.0,1,1,1.0,0.0,0.0,0.0,normal
1,54,1,0.1,5.4,54.0,1,1,1.0,0.0,0.0,0.0,normal
2,687,2,0.2,68.7,343.5,1,1,1.0,0.0,0.0,0.0,normal
16,3344,16,1.6,334.4,209.0,1,8,1.0,0.0,0.0,0.0,normal
1,54,1,0.1,5.4,54.0,1,1,1.0,0.0,0.0,0.0,normal
3,197,3,0.3,19.7,65.66666666666667,1,1,1.0,0.0,0.0,0.0,normal
2,142,2,0.2,14.2,71.0,1,1,1.0,0.0,0.0,0.0,normal
2,133,2,0.2,13.3,66.5,1,1,1.0,0.0,0.0,0.0,normal
6,405,6,0.6,40.5,67.5,1,3,1.0,0.0,0.0,0.0,normal
3,1208,3,0.3,120.8,402.6666666666667,1,1,1.0,0.0,0.0,0.0,normal
2,142,2,0.2,14.2,71.0,1,1,1.0,0.0,0.0,0.0,normal
2,132,2,0.2,13.2,66.0,1,1,1.0,0.0,0.0,0.0,normal
5,3517,5,0.5,351.7,703.4,1,1,1.0,0.0,0.0,0.0,normal
1,54,1,0.1,5.4,54.0,1,1,1.0,0.0,0.0,0.0,normal
1,54,1,0.1,5.4,54.0,1,1,1.0,0.0,0.0,0.0,normal
11,3397,11,1.1,339.7,308.8181818181818,1,1,1.0,0.0,0.0,0.0,normal
12,5542,12,1.2,554.2,461.8333333333333,2,1,1.0,0.0,0.0,0.0,normal
49,12858,49,4.9,1285.8,262.40816326530614,1,9,1.0,0.0,0.0,0.0,normal
2,108,2,0.2,10.8,54.0,1,1,1.0,0.0,0.0,0.0,normal
5,2840,5,0.5,284.0,568.0,1,1,1.0,0.0,0.0,0.0,normal
2,142,2,0.2,14.2,71.0,1,1,1.0,0.0,0.0,0.0,normal
1,93,1,0.1,9.3,93.0,1,1,1.0,0.0,0.0,0.0,normal
3,719,3,0.3,71.9,239.66666666666666,1,1,1.0,0.0,0.0,0.0,normal
1,93,1,0.1,9.3,93.0,1,1,1.0,0.0,0.0,0.0,normal
1,54,1,0.1,5.4,54.0,1,1,1.0,0.0,0.0,0.0,normal
5,7666,5,0.5,766.6,1533.2,1,1,1.0,0.0,0.0,0.0,normal
5,1405,5,0.5,140.5,281.0,1,1,1.0,0.0,0.0,0.0,normal
3,514,3,0.3,51.4,171.33333333333334,2,1,1.0,0.0,0.0,0.0,normal
40,7215,40,4.0,721.5,180.375,2,11,0.975,0.025,0.0,0.0,normal
3,239,3,0.3,23.9,79.66666666666667,1,1,1.0,0.0,0.0,0.0,normal
10,3235,10,1.0,323.5,323.5,1,1,1.0,0.0,0.0,0.0,normal
1,54,1,0.1,5.4,54.0,1,1,1.0,0.0,0.0,0.0,normal
1,230,1,0.1,23.0,230.0,1,1,0.0,1.0,0.0,0.0,normal
2,132,2,0.2,13.2,66.0,1,1,1.0,0.0,0.0,0.0,normal
7,2069,7,0.7,206.9,295.57142857142856,1,1,1.0,0.0,0.0,0.0,normal
1,66,1,0.1,6.6,66.0,1,1,1.0,0.0,0.0,0.0,normal
18,3711,18,1.8,371.1,206.16666666666666,1,5,1.0,0.0,0.0,0.0,normal
5,1157,5,0.5,115.7,231.4,1,1,1.0,0.0,0.0,0.0,normal
1,88,1,0.1,8.8,88.0,1,1,1.0,0.0,0.0,0.0,normal
8,2080,8,0.8,208.0,260.0,1,1,1.0,0.0,0.0,0.0,normal
1,54,1,0.1,5.4,54.0,1,1,1.0,0.0,0.0,0.0,normal
1,54,1,0.1,5.4,54.0,1,1,1.0,0.0,0.0,0.0,normal
11,3352,11,1.1,335.2,304.72727272727275,1,1,1.0,0.0,0.0,0.0,normal
25,5670,25,2.5,567.0,226.8,1,7,1.0,0.0,0.0,0.0,normal
2,156,2,0.2,15.6,78.0,1,1,1.0,0.0,0.0,0.0,normal
2,142,2,0.2,14.2,71.0,1,1,1.0,0.0,0.0,0.0,normal
2,132,2,0.2,13.2,66.0,1,1,1.0,0.0,0.0,0.0,normal
1,93,1,0.1,9.3,93.0,1,1,1.0,0.0,0.0,0.0,normal
2,2284,2,0.2,228.4,1142.0,1,1,1.0,0.0,0.0,0.0,normal
1,54,1,0.1,5.4,54.0,1,1,1.0,0.0,0.0,0.0,normal
1,54,1,0.1,5.4,54.0,1,1,1.0,0.0,0.0,0.0,normal
1,54,1,0.1,5.4,54.0,1,1,1.0,0.0,0.0,0.0,normal
11,748,11,1.1,74.8,68.0,2,8,0.9090909090909091,0.09090909090909091,0.0,0.0,normal
1,489,1,0.1,48.9,489.0,1,1,0.0,1.0,0.0,0.0,normal
1,54,1,0.1,5.4,54.0,1,1,1.0,0.0,0.0,0.0,normal
2,142,2,0.2,14.2,71.0,1,1,1.0,0.0,0.0,0.0,normal
2,133,2,0.2,13.3,66.5,1,1,1.0,0.0,0.0,0.0,normal
14,4138,14,1.4,413.8,295.57142857142856,1,1,1.0,0.0,0.0,0.0,normal
39,10570,39,3.9,1057.0,271.02564102564105,2,6,0.9743589743589743,0.02564102564102564,0.0,0.0,normal
1,118,1,0.1,11.8,118.0,1,1,0.0,1.0,0.0,0.0,normal
5,1361,5,0.5,136.1,272.2,1,1,1.0,0.0,0.0,0.0,normal
2,142,2,0.2,14.2,71.0,1,1,1.0,0.0,0.0,0.0,normal
19,5290,19,1.9,529.0,278.42105263157896,1,1,1.0,0.0,0.0,0.0,normal
2,108,2,0.2,10.8,54.0,1,1,1.0,0.0,0.0,0.0,normal
2,132,2,0.2,13.2,66.0,1,1,1.0,0.0,0.0,0.0,normal
2,108,2,0.2,10.8,54.0,1,1,1.0,0.0,0.0,0.0,normal
1,54,1,0.1,5.4,54.0,1,1,1.0,0.0,0.0,0.0,normal
1,54,1,0.1,5.4,54.0,1,1,1.0,0.0,0.0,0.0,normal
2,687,2,0.2,68.7,343.5,1,1,1.0,0.0,0.0,0.0,normal
20,3547,20,2.0,354.7,177.35,1,8,1.0,0.0,0.0,0.0,normal
4,2912,4,0.4,291.2,728.0,1,1,1.0,0.0,0.0,0.0,normal
2,142,2,0.2,14.2,71.0,1,1,1.0,0.0,0.0,0.0,normal
1,54,1,0.1,5.4,54.0,1,1,1.0,0.0,0.0,0.0,normal
5,7682,5,0.5,768.2,1536.4,1,1,1.0,0.0,0.0,0.0,normal
9,2733,9,0.9,273.3,303.6666666666667,1,1,1.0,0.0,0.0,0.0,normal
3,237,3,0.3,23.7,79.0,1,1,1.0,0.0,0.0,0.0,normal
21,2797,21,2.1,279.7,133.1904761904762,1,6,1.0,0.0,0.0,0.0,normal
3,239,3,0.3,23.9,79.66666666666667,1,1,1.0,0.0,0.0,0.0,normal
2,142,2,0.2,14.2,71.0,1,1,1.0,0.0,0.0,0.0,normal
2,132,2,0.2,13.2,66.0,1,1,1.0,0.0,0.0,0.0,normal
30,9556,30,3.0,955.6,318.53333333333336,1,1,1.0,0.0,0.0,0.0,normal
2,450,2,0.2,45.0,225.0,2,1,1.0,0.0,0.0,0.0,normal
57,21048,57,5.7,2104.8,369.2631578947368,1,6,1.0,0.0,0.0,0.0,normal
19,10289,19,1.9,1028.9,541.5263157894736,1,1,1.0,0.0,0.0,0.0,normal
7,2463,7,0.7,246.3,351.85714285714283,1,1,1.0,0.0,0.0,0.0,normal
2,142,2,0.2,14.2,71.0,1,1,1.0,0.0,0.0,0.0,normal
2,108,2,0.2,10.8,54.0,1,1,1.0,0.0,0.0,0.0,normal
2,147,2,0.2,14.7,73.5,1,1,1.0,0.0,0.0,0.0,normal
653,35262,653,65.3,3526.2,54.0,1,1,1.0,0.0,0.0,0.0,normal
4,931,4,0.4,93.1,232.75,1,1,1.0,0.0,0.0,0.0,normal
9,6824,9,0.9,682.4,758.2222222222222,1,1,1.0,0.0,0.0,0.0,normal
357,1500821,357,35.7,150082.1,4203.980392156863,2,8,0.988795518207283,0.011204481792717087,0.0,0.0,normal
4,719,4,0.4,71.9,179.75,4,1,0.0,1.0,0.0,0.0,normal
2,142,2,0.2,14.2,71.0,1,1,1.0,0.0,0.0,0.0,normal
18,16979,18,1.8,1697.9,943.2777777777778,1,1,1.0,0.0,0.0,0.0,normal
2,132,2,0.2,13.2,66.0,1,1,1.0,0.0,0.0,0.0,normal
996,59628,996,99.6,5962.8,59.86746987951807,1,1,1.0,0.0,0.0,0.0,normal
860,53123,860,86.0,5312.3,61.770930232558136,1,1,1.0,0.0,0.0,0.0,normal
1,54,1,0.1,5.4,54.0,1,1,1.0,0.0,0.0,0.0,normal
875,4319306,875,87.5,431930.6,4936.349714285714,2,7,0.9977142857142857,0.002285714285714286,0.0,0.0,normal
2,422,2,0.2,42.2,211.0,2,1,0.0,1.0,0.0,0.0,normal
1,54,1,0.1,5.4,54.0,1,1,1.0,0.0,0.0,0.0,normal
2,142,2,0.2,14.2,71.0,1,1,1.0,0.0,0.0,0.0,normal
2,133,2,0.2,13.3,66.5,1,1,1.0,0.0,0.0,0.0,normal
485,38612,485,48.5,3861.2,79.61237113402062,1,1,1.0,0.0,0.0,0.0,normal
1,54,1,0.1,5.4,54.0,1,1,1.0,0.0,0.0,0.0,normal
1,54,1,0.1,5.4,54.0,1,1,1.0,0.0,0.0,0.0,normal
1230,67443,1230,123.0,6744.3,54.83170731707317,1,1,1.0,0.0,0.0,0.0,normal
5,1405,5,0.5,140.5,281.0,1,1,1.0,0.0,0.0,0.0,normal
753,4318106,753,75.3,431810.6,5734.536520584329,2,10,0.99734395750332,0.0026560424966799467,0.0,0.0,normal
2,260,2,0.2,26.0,130.0,2,1,0.0,1.0,0.0,0.0,normal
5,1126,5,0.5,112.6,225.2,1,1,1.0,0.0,0.0,0.0,normal
2,142,2,0.2,14.2,71.0,1,1,1.0,0.0,0.0,0.0,normal
2,147,2,0.2,14.7,73.5,1,1,1.0,0.0,0.0,0.0,normal
6,2232,6,0.6,223.2,372.0,1,1,1.0,0.0,0.0,0.0,normal
2,132,2,0.2,13.2,66.0,1,1,1.0,0.0,0.0,0.0,normal
903,53529,903,90.3,5352.9,59.27906976744186,1,1,1.0,0.0,0.0,0.0,normal
1,54,1,0.1,5.4,54.0,1,1,1.0,0.0,0.0,0.0,normal
14,3810,14,1.4,381.0,272.14285714285717,2,1,1.0,0.0,0.0,0.0,normal
878,48295,878,87.8,4829.5,55.00569476082005,1,1,1.0,0.0,0.0,0.0,normal
20,6130,20,2.0,613.0,306.5,1,1,1.0,0.0,0.0,0.0,normal
40,15428,40,4.0,1542.8,385.7,2,1,1.0,0.0,0.0,0.0,normal
781,5657469,781,78.1,565746.9,7243.8783610755445,1,11,1.0,0.0,0.0,0.0,normal
4,2837,4,0.4,283.7,709.25,1,1,1.0,0.0,0.0,0.0,normal
1,54,1,0.1,5.4,54.0,1,1,1.0,0.0,0.0,0.0,normal
1,54,1,0.1,5.4,54.0,1,1,1.0,0.0,0.0,0.0,normal
5,3517,5,0.5,351.7,703.4,1,1,1.0,0.0,0.0,0.0,normal
439,26806,439,43.9,2680.6,61.06150341685649,1,1,1.0,0.0,0.0,0.0,normal
5,7552,5,0.5,755.2,1510.4,1,1,1.0,0.0,0.0,0.0,normal
531,29309,531,53.1,2930.9,55.195856873822976,1,1,1.0,0.0,0.0,0.0,normal
10,3409,10,1.0,340.9,340.9,2,1,1.0,0.0,0.0,0.0,normal
314,2892038,314,31.4,289203.8,9210.312101910828,1,7,1.0,0.0,0.0,0.0,normal
3,239,3,0.3,23.9,79.66666666666667,1,1,1.0,0.0,0.0,0.0,normal
2,142,2,0.2,14.2,71.0,1,1,1.0,0.0,0.0,0.0,normal
2,132,2,0.2,13.2,66.0,1,1,1.0,0.0,0.0,0.0,normal
3,719,3,0.3,71.9,239.66666666666666,1,1,1.0,0.0,0.0,0.0,normal
15,28307,15,1.5,2830.7,1887.1333333333334,1,1,1.0,0.0,0.0,0.0,normal
1,54,1,0.1,5.4,54.0,1,1,1.0,0.0,0.0,0.0,normal
7,2069,7,0.7,206.9,295.57142857142856,1,1,1.0,0.0,0.0,0.0,normal
2,132,2,0.2,13.2,66.0,2,1,1.0,0.0,0.0,0.0,normal
45,5492,45,4.5,549.2,122.04444444444445,2,11,0.9333333333333333,0.06666666666666667,0.0,0.0,normal
3,813,3,0.3,81.3,271.0,3,1,0.0,1.0,0.0,0.0,normal
2,147,2,0.2,14.7,73.5,1,1,1.0,0.0,0.0,0.0,normal
3,1014,3,0.3,101.4,338.0,1,1,1.0,0.0,0.0,0.0,normal
2,142,2,0.2,14.2,71.0,1,1,1.0,0.0,0.0,0.0,normal
1,74,1,0.1,7.4,74.0,1,1,1.0,0.0,0.0,0.0,normal
1,54,1,0.1,5.4,54.0,1,1,1.0,0.0,0.0,0.0,normal
1,54,1,0.1,5.4,54.0,1,1,1.0,0.0,0.0,0.0,normal
2,108,2,0.2,10.8,54.0,1,2,1.0,0.0,0.0,0.0,normal
2,134,2,0.2,13.4,67.0,1,1,1.0,0.0,0.0,0.0,normal
1,54,1,0.1,5.4,54.0,1,1,1.0,0.0,0.0,0.0,normal
1,54,1,0.1,5.4,54.0,1,1,1.0,0.0,0.0,0.0,normal
1,54,1,0.1,5.4,54.0,1,1,1.0,0.0,0.0,0.0,normal
9,607,9,0.9,60.7,67.44444444444444,1,6,1.0,0.0,0.0,0.0,normal
3,240,3,0.3,24.0,80.0,1,1,1.0,0.0,0.0,0.0,normal
2,142,2,0.2,14.2,71.0,1,1,1.0,0.0,0.0,0.0,normal
2,132,2,0.2,13.2,66.0,1,1,1.0,0.0,0.0,0.0,normal
1,54,1,0.1,5.4,54.0,1,1,1.0,0.0,0.0,0.0,normal
13,4061,13,1.3,406.1,312.38461538461536,1,1,1.0,0.0,0.0,0.0,normal
4,654,4,0.4,65.4,163.5,1,1,1.0,0.0,0.0,0.0,normal
1,230,1,0.1,23.0,230.0,1,1,0.0,1.0,0.0,0.0,normal
54,22691,54,5.4,2269.1,420.2037037037037,2,7,0.9814814814814815,0.018518518518518517,0.0,0.0,normal
25,8783,25,2.5,878.3,351.32,1,1,1.0,0.0,0.0,0.0,normal
2,142,2,0.2,14.2,71.0,1,1,1.0,0.0,0.0,0.0,normal
6,7806,6,0.6,780.6,1301.0,1,1,1.0,0.0,0.0,0.0,normal
1,54,1,0.1,5.4,54.0,1,1,1.0,0.0,0.0,0.0,normal
1,54,1,0.1,5.4,54.0,1,1,1.0,0.0,0.0,0.0,normal
3,162,3,0.3,16.2,54.0,1,1,1.0,0.0,0.0,0.0,normal
15,1568,15,1.5,156.8,104.53333333333333,1,6,1.0,0.0,0.0,0.0,normal
3,239,3,0.3,23.9,79.66666666666667,1,1,1.0,0.0,0.0,0.0,normal
2,142,2,0.2,14.2,71.0,1,1,1.0,0.0,0.0,0.0,normal
2,132,2,0.2,13.2,66.0,1,1,1.0,0.0,0.0,0.0,normal
1,54,1,0.1,5.4,54.0,1,1,1.0,0.0,0.0,0.0,normal
1,54,1,0.1,5.4,54.0,1,1,1.0,0.0,0.0,0.0,normal
8,2135,8,0.8,213.5,266.875,1,1,1.0,0.0,0.0,0.0,normal
20,4124,20,2.0,412.4,206.2,1,6,1.0,0.0,0.0,0.0,normal
5,1670,5,0.5,167.0,334.0,1,1,1.0,0.0,0.0,0.0,normal
3,196,3,0.3,19.6,65.33333333333333,1,1,1.0,0.0,0.0,0.0,normal
6,360,6,0.6,36.0,60.0,1,1,1.0,0.0,0.0,0.0,normal
6,360,6,0.6,36.0,60.0,1,1,1.0,0.0,0.0,0.0,normal
1,54,1,0.1,5.4,54.0,1,1,1.0,0.0,0.0,0.0,normal
1,54,1,0.1,5.4,54.0,1,1,1.0,0.0,0.0,0.0,normal
1,54,1,0.1,5.4,54.0,1,1,1.0,0.0,0.0,0.0,normal
25,3724,25,2.5,372.4,148.96,1,7,1.0,0.0,0.0,0.0,normal
5,1125,5,0.5,112.5,225.0,1,1,1.0,0.0,0.0,0.0,normal
2,142,2,0.2,14.2,71.0,1,1,1.0,0.0,0.0,0.0,normal
2,132,2,0.2,13.2,66.0,1,1,1.0,0.0,0.0,0.0,normal
1,54,1,0.1,5.4,54.0,1,1,1.0,0.0,0.0,0.0,normal
1,54,1,0.1,5.4,54.0,1,1,1.0,0.0,0.0,0.0,normal
1,54,1,0.1,5.4,54.0,1,1,1.0,0.0,0.0,0.0,normal
7,446,7,0.7,44.6,63.714285714285715,1,6,1.0,0.0,0.0,0.0,normal
1,54,1,0.1,5.4,54.0,1,1,1.0,0.0,0.0,0.0,normal
2,142,2,0.2,14.2,71.0,1,1,1.0,0.0,0.0,0.0,normal
3,200,3,0.3,20.0,66.66666666666667,1,1,1.0,0.0,0.0,0.0,normal
1,54,1,0.1,5.4,54.0,1,1,1.0,0.0,0.0,0.0,normal
2,108,2,0.2,10.8,54.0,1,1,1.0,0.0,0.0,0.0,normal
10,703,10,1.0,70.3,70.3,1,5,1.0,0.0,0.0,0.0,normal
1,93,1,0.1,9.3,93.0,1,1,1.0,0.0,0.0,0.0,normal
2,142,2,0.2,14.2,71.0,1,1,1.0,0.0,0.0,0.0,normal
2,132,2,0.2,13.2,66.0,1,1,1.0,0.0,0.0,0.0,normal
1,54,1,0.1,5.4,54.0,1,1,1.0,0.0,0.0,0.0,normal
1,54,1,0.1,5.4,54.0,1,1,1.0,0.0,0.0,0.0,normal
19,5520,19,1.9,552.0,290.5263157894737,1,1,1.0,0.0,0.0,0.0,normal
4,623,4,0.4,62.3,155.75,1,1,1.0,0.0,0.0,0.0,normal
43,8321,43,4.3,832.1,193.51162790697674,1,7,1.0,0.0,0.0,0.0,normal
10,4028,10,1.0,402.8,402.8,1,1,1.0,0.0,0.0,0.0,normal
1,54,1,0.1,5.4,54.0,1,1,1.0,0.0,0.0,0.0,normal
5,7738,5,0.5,773.8,1547.6,1,1,1.0,0.0,0.0,0.0,normal
1,54,1,0.1,5.4,54.0,1,1,1.0,0.0,0.0,0.0,normal
1,66,1,0.1,6.6,66.0,1,1,1.0,0.0,0.0,0.0,normal
17,1774,17,1.7,177.4,104.3529411764706,3,7,0.9411764705882353,0.058823529411764705,0.0,0.0,normal
1,345,1,0.1,34.5,345.0,1,1,0.0,1.0,0.0,0.0,normal
3,239,3,0.3,23.9,79.66666666666667,1,1,1.0,0.0,0.0,0.0,normal
1,88,1,0.1,8.8,88.0,1,1,1.0,0.0,0.0,0.0,normal
4,307,4,0.4,30.7,76.75,1,1,1.0,0.0,0.0,0.0,normal
2,132,2,0.2,13.2,66.0,1,1,1.0,0.0,0.0,0.0,normal
1,54,1,0.1,5.4,54.0,1,1,1.0,0.0,0.0,0.0,normal
1,54,1,0.1,5.4,54.0,1,1,1.0,0.0,0.0,0.0,normal
5,338,5,0.5,33.8,67.6,1,4,1.0,0.0,0.0,0.0,normal
2,142,2,0.2,14.2,71.0,1,1,1.0,0.0,0.0,0.0,normal
17,5014,17,1.7,501.4,294.94117647058823,1,1,1.0,0.0,0.0,0.0,normal
1,54,1,0.1,5.4,54.0,1,1,1.0,0.0,0.0,0.0,normal
1,54,1,0.1,5.4,54.0,1,1,1.0,0.0,0.0,0.0,normal
11,3420,11,1.1,342.0,310.90909090909093,1,1,1.0,0.0,0.0,0.0,normal
49,15423,49,4.9,1542.3,314.7551020408163,1,6,1.0,0.0,0.0,0.0,normal
9,2643,9,0.9,264.3,293.6666666666667,1,1,1.0,0.0,0.0,0.0,normal
3,196,3,0.3,19.6,65.33333333333333,1,1,1.0,0.0,0.0,0.0,normal
2,132,2,0.2,13.2,66.0,1,1,1.0,0.0,0.0,0.0,normal
1,54,1,0.1,5.4,54.0,1,1,1.0,0.0,0.0,0.0,normal
1,54,1,0.1,5.4,54.0,1,1,1.0,0.0,0.0,0.0,normal
1,54,1,0.1,5.4,54.0,1,1,1.0,0.0,0.0,0.0,normal
10,671,10,1.0,67.1,67.1,1,7,1.0,0.0,0.0,0.0,normal
2,108,2,0.2,10.8,54.0,1,1,1.0,0.0,0.0,0.0,normal
1,54,1,0.1,5.4,54.0,1,1,1.0,0.0,0.0,0.0,normal
2,142,2,0.2,14.2,71.0,1,1,1.0,0.0,0.0,0.0,normal
3,200,3,0.3,20.0,66.66666666666667,1,1,1.0,0.0,0.0,0.0,normal
1,54,1,0.1,5.4,54.0,1,1,1.0,0.0,0.0,0.0,normal
1,54,1,0.1,5.4,54.0,1,1,1.0,0.0,0.0,0.0,normal
6,424,6,0.6,42.4,70.66666666666667,1,4,1.0,0.0,0.0,0.0,normal
2,142,2,0.2,14.2,71.0,1,1,1.0,0.0,0.0,0.0,normal
2,132,2,0.2,13.2,66.0,1,1,1.0,0.0,0.0,0.0,normal
1,54,1,0.1,5.4,54.0,1,1,1.0,0.0,0.0,0.0,normal
1,54,1,0.1,5.4,54.0,1,1,1.0,0.0,0.0,0.0,normal
14,4633,14,1.4,463.3,330.92857142857144,1,1,1.0,0.0,0.0,0.0,normal
4,1271,4,0.4,127.1,317.75,1,1,1.0,0.0,0.0,0.0,normal
38,7697,38,3.8,769.7,202.55263157894737,1,7,1.0,0.0,0.0,0.0,normal
12,4447,12,1.2,444.7,370.5833333333333,1,1,1.0,0.0,0.0,0.0,normal
2,142,2,0.2,14.2,71.0,1,1,1.0,0.0,0.0,0.0,normal
18,36260,18,1.8,3626.0,2014.4444444444443,1,1,1.0,0.0,0.0,0.0,normal
6,2304,6,0.6,230.4,384.0,1,1,1.0,0.0,0.0,0.0,normal
37,6397,37,3.7,639.7,172.8918918918919,2,6,0.9459459459459459,0.05405405405405406,0.0,0.0,normal
2,206,2,0.2,20.6,103.0,2,1,0.0,1.0,0.0,0.0,normal
3,239,3,0.3,23.9,79.66666666666667,1,1,1.0,0.0,0.0,0.0,normal
2,142,2,0.2,14.2,71.0,1,1,1.0,0.0,0.0,0.0,normal
15,8391,15,1.5,839.1,559.4,1,1,1.0,0.0,0.0,0.0,normal
2,132,2,0.2,13.2,66.0,1,1,1.0,0.0,0.0,0.0,normal
1,54,1,0.1,5.4,54.0,1,1,1.0,0.0,0.0,0.0,normal
4,284,4,0.4,28.4,71.0,1,3,1.0,0.0,0.0,0.0,normal
2,142,2,0.2,14.2,71.0,1,1,1.0,0.0,0.0,0.0,normal
11,1285,11,1.1,128.5,116.81818181818181,1,1,1.0,0.0,0.0,0.0,normal
1,54,1,0.1,5.4,54.0,1,1,1.0,0.0,0.0,0.0,normal
1,54,1,0.1,5.4,54.0,1,1,1.0,0.0,0.0,0.0,normal
1,54,1,0.1,5.4,54.0,1,1,1.0,0.0,0.0,0.0,normal
5,1474,5,0.5,147.4,294.8,1,1,1.0,0.0,0.0,0.0,normal
35,10528,35,3.5,1052.8,300.8,2,9,0.9428571428571428,0.05714285714285714,0.0,0.0,normal
2,260,2,0.2,26.0,130.0,2,1,0.0,1.0,0.0,0.0,normal
3,174,3,0.3,17.4,58.0,1,1,1.0,0.0,0.0,0.0,normal
6,1410,6,0.6,141.0,235.0,1,1,1.0,0.0,0.0,0.0,normal
2,142,2,0.2,14.2,71.0,1,1,1.0,0.0,0.0,0.0,normal
2,132,2,0.2,13.2,66.0,1,1,1.0,0.0,0.0,0.0,normal
1,54,1,0.1,5.4,54.0,1,1,1.0,0.0,0.0,0.0,normal
1296,72518,1296,129.6,7251.8,55.95524691358025,1,1,1.0,0.0,0.0,0.0,normal
229,21352,229,22.9,2135.2,93.24017467248909,2,1,1.0,0.0,0.0,0.0,normal
12,3474,12,1.2,347.4,289.5,1,1,1.0,0.0,0.0,0.0,normal
1,54,1,0.1,5.4,54.0,1,1,1.0,0.0,0.0,0.0,normal
923,4023678,923,92.3,402367.8,4359.3477789815815,2,12,0.9967497291440953,0.0032502708559046588,0.0,0.0,normal
3,911,3,0.3,91.1,303.6666666666667,3,1,0.0,1.0,0.0,0.0,normal
15,2912,15,1.5,291.2,194.13333333333333,2,1,1.0,0.0,0.0,0.0,normal
1,54,1,0.1,5.4,54.0,1,1,1.0,0.0,0.0,0.0,normal
5,1641,5,0.5,164.1,328.2,1,1,1.0,0.0,0.0,0.0,normal
2,142,2,0.2,14.2,71.0,1,1,1.0,0.0,0.0,0.0,normal
1,66,1,0.1,6.6,66.0,1,1,1.0,0.0,0.0,0.0,normal
2,134,2,0.2,13.4,67.0,1,1,1.0,0.0,0.0,0.0,normal
721,48016,721,72.1,4801.6,66.59639389736478,1,1,1.0,0.0,0.0,0.0,normal
1021,68749,1021,102.1,6874.9,67.33496571988246,1,1,1.0,0.0,0.0,0.0,normal
11,3397,11,1.1,339.7,308.8181818181818,1,1,1.0,0.0,0.0,0.0,normal
1376,4606527,1376,137.6,460652.7,3347.766715116279,1,6,1.0,0.0,0.0,0.0,normal
2,142,2,0.2,14.2,71.0,1,1,1.0,0.0,0.0,0.0,normal
13,4895,13,1.3,489.5,376.53846153846155,1,1,1.0,0.0,0.0,0.0,normal
2,132,2,0.2,13.2,66.0,1,1,1.0,0.0,0.0,0.0,normal
1,54,1,0.1,5.4,54.0,1,1,1.0,0.0,0.0,0.0,normal
4,2207,4,0.4,220.7,551.75,1,1,1.0,0.0,0.0,0.0,normal
8,865,8,0.8,86.5,108.125,1,1,1.0,0.0,0.0,0.0,normal
2,687,2,0.2,68.7,343.5,1,1,1.0,0.0,0.0,0.0,normal
3,237,3,0.3,23.7,79.0,1,1,1.0,0.0,0.0,0.0,normal
29,7986,29,2.9,798.6,275.37931034482756,1,8,1.0,0.0,0.0,0.0,normal
9,3810,9,0.9,381.0,423.3333333333333,1,1,1.0,0.0,0.0,0.0,normal
2,142,2,0.2,14.2,71.0,1,1,1.0,0.0,0.0,0.0,normal
1,54,1,0.1,5.4,54.0,1,1,1.0,0.0,0.0,0.0,normal
5,7661,5,0.5,766.1,1532.2,1,1,1.0,0.0,0.0,0.0,normal
1,382,1,0.1,38.2,382.0,1,1,1.0,0.0,0.0,0.0,normal
12,1406,12,1.2,140.6,117.16666666666667,1,6,1.0,0.0,0.0,0.0,normal
3,239,3,0.3,23.9,79.66666666666667,1,1,1.0,0.0,0.0,0.0,normal
2,142,2,0.2,14.2,71.0,1,1,1.0,0.0,0.0,0.0,normal
1,66,1,0.1,6.6,66.0,1,1,1.0,0.0,0.0,0.0,normal
2,132,2,0.2,13.2,66.0,1,1,1.0,0.0,0.0,0.0,normal
3,230,3,0.3,23.0,76.66666666666667,1,2,1.0,0.0,0.0,0.0,normal
2,142,2,0.2,14.2,71.0,1,1,1.0,0.0,0.0,0.0,normal
2,147,2,0.2,14.7,73.5,1,1,1.0,0.0,0.0,0.0,normal
1,54,1,0.1,5.4,54.0,1,1,1.0,0.0,0.0,0.0,normal
1,54,1,0.1,5.4,54.0,1,1,1.0,0.0,0.0,0.0,normal
1,66,1,0.1,6.6,66.0,1,1,1.0,0.0,0.0,0.0,normal
5,1405,5,0.5,140.5,281.0,1,1,1.0,0.0,0.0,0.0,normal
19,3715,19,1.9,371.5,195.52631578947367,2,8,0.8947368421052632,0.10526315789473684,0.0,0.0,normal
2,260,2,0.2,26.0,130.0,2,1,0.0,1.0,0.0,0.0,normal
2,143,2,0.2,14.3,71.5,1,1,1.0,0.0,0.0,0.0,normal
2,142,2,0.2,14.2,71.0,1,1,1.0,0.0,0.0,0.0,normal
2,132,2,0.2,13.2,66.0,1,1,1.0,0.0,0.0,0.0,normal
1,54,1,0.1,5.4,54.0,1,1,1.0,0.0,0.0,0.0,normal
340,19121,340,34.0,1912.1,56.23823529411764,1,1,1.0,0.0,0.0,0.0,normal
9,6966,9,0.9,696.6,774.0,1,1,1.0,0.0,0.0,0.0,normal
1,54,1,0.1,5.4,54.0,1,1,1.0,0.0,0.0,0.0,normal
299,924919,299,29.9,92491.9,3093.3745819397996,2,12,0.9866220735785953,0.013377926421404682,0.0,0.0,normal
4,663,4,0.4,66.3,165.75,4,1,0.0,1.0,0.0,0.0,normal
2,147,2,0.2,14.7,73.5,1,1,1.0,0.0,0.0,0.0,normal
1,54,1,0.1,5.4,54.0,1,1,1.0,0.0,0.0,0.0,normal
2,930,2,0.2,93.0,465.0,1,1,1.0,0.0,0.0,0.0,normal
2,142,2,0.2,14.2,71.0,1,1,1.0,0.0,0.0,0.0,normal
19,17035,19,1.9,1703.5,896.578947368421,1,1,1.0,0.0,0.0,0.0,normal
2,132,2,0.2,13.2,66.0,1,1,1.0,0.0,0.0,0.0,normal
2,134,2,0.2,13.4,67.0,1,1,1.0,0.0,0.0,0.0,normal
348,20595,348,34.8,2059.5,59.18103448275862,1,1,1.0,0.0,0.0,0.0,normal
577,39119,577,57.7,3911.9,67.79722703639514,1,1,1.0,0.0,0.0,0.0,normal
11,3397,11,1.1,339.7,308.8181818181818,1,1,1.0,0.0,0.0,0.0,normal
590,2409208,590,59.0,240920.8,4083.4033898305083,1,7,1.0,0.0,0.0,0.0,normal
3,1510,3,0.3,151.0,503.3333333333333,1,1,1.0,0.0,0.0,0.0,normal
2,142,2,0.2,14.2,71.0,1,1,1.0,0.0,0.0,0.0,normal
2,171,2,0.2,17.1,85.5,1,1,1.0,0.0,0.0,0.0,normal
2,132,2,0.2,13.2,66.0,1,1,1.0,0.0,0.0,0.0,normal
1,54,1,0.1,5.4,54.0,1,1,1.0,0.0,0.0,0.0,normal
1,54,1,0.1,5.4,54.0,1,1,1.0,0.0,0.0,0.0,normal
14,4114,14,1.4,411.4,293.85714285714283,1,1,1.0,0.0,0.0,0.0,normal
1,105,1,0.1,10.5,105.0,1,1,1.0,0.0,0.0,0.0,normal
32,5482,32,3.2,548.2,171.3125,1,7,1.0,0.0,0.0,0.0,normal
5,2791,5,0.5,279.1,558.2,1,1,1.0,0.0,0.0,0.0,normal
1,54,1,0.1,5.4,54.0,1,1,1.0,0.0,0.0,0.0,normal
6,7684,6,0.6,768.4,1280.6666666666667,1,1,1.0,0.0,0.0,0.0,normal
1,54,1,0.1,5.4,54.0,1,1,1.0,0.0,0.0,0.0,normal
1,1165,1,0.1,116.5,1165.0,1,1,1.0,0.0,0.0,0.0,normal
2,463,2,0.2,46.3,231.5,1,1,1.0,0.0,0.0,0.0,normal
20,4000,20,2.0,400.0,200.0,2,10,0.95,0.05,0.0,0.0,normal
3,239,3,0.3,23.9,79.66666666666667,1,1,1.0,0.0,0.0,0.0,normal
5,3661,5,0.5,366.1,732.2,1,1,1.0,0.0,0.0,0.0,normal
2,142,2,0.2,14.2,71.0,1,1,1.0,0.0,0.0,0.0,normal
1,54,1,0.1,5.4,54.0,1,1,1.0,0.0,0.0,0.0,normal
2,132,2,0.2,13.2,66.0,1,1,1.0,0.0,0.0,0.0,normal
13,7542,13,1.3,754.2,580.1538461538462,1,1,1.0,0.0,0.0,0.0,normal
719,38994,719,71.9,3899.4,54.2336578581363,1,1,1.0,0.0,0.0,0.0,normal
564,37841,564,56.4,3784.1,67.09397163120568,1,1,1.0,0.0,0.0,0.0,normal
9,2733,9,0.9,273.3,303.6666666666667,1,1,1.0,0.0,0.0,0.0,normal
966,3444413,966,96.6,344441.3,3565.644927536232,2,8,0.9968944099378882,0.003105590062111801,0.0,0.0,normal
2,462,2,0.2,46.2,231.0,2,1,0.0,1.0,0.0,0.0,normal
2,142,2,0.2,14.2,71.0,1,1,1.0,0.0,0.0,0.0,normal
1,66,1,0.1,6.6,66.0,1,1,1.0,0.0,0.0,0.0,normal
1,93,1,0.1,9.3,93.0,1,1,1.0,0.0,0.0,0.0,normal
1,54,1,0.1,5.4,54.0,1,1,1.0,0.0,0.0,0.0,normal
650,37016,650,65.0,3701.6,56.94769230769231,1,1,1.0,0.0,0.0,0.0,normal
132,9346,132,13.2,934.6,70.8030303030303,2,1,1.0,0.0,0.0,0.0,normal
114,342300,114,11.4,34230.0,3002.6315789473683,1,1,1.0,0.0,0.0,0.0,normal
617,2029814,617,61.7,202981.4,3289.811993517018,2,10,0.9967585089141004,0.0032414910858995136,0.0,0.0,normal
3,733,3,0.3,73.3,244.33333333333334,3,1,0.0,1.0,0.0,0.0,normal
1,93,1,0.1,9.3,93.0,1,1,1.0,0.0,0.0,0.0,normal
2,142,2,0.2,14.2,71.0,1,1,1.0,0.0,0.0,0.0,normal
2,132,2,0.2,13.2,66.0,1,1,1.0,0.0,0.0,0.0,normal
693,47004,693,69.3,4700.4,67.82683982683983,1,1,1.0,0.0,0.0,0.0,normal
860,57613,860,86.0,5761.3,66.99186046511628,1,1,1.0,0.0,0.0,0.0,normal
1172,4151413,1172,117.2,415141.3,3542.1612627986347,1,8,1.0,0.0,0.0,0.0,normal
1,54,1,0.1,5.4,54.0,1,1,1.0,0.0,0.0,0.0,normal
4,1019,4,0.4,101.9,254.75,1,1,1.0,0.0,0.0,0.0,normal
2,142,2,0.2,14.2,71.0,1,1,1.0,0.0,0.0,0.0,normal
1,54,1,0.1,5.4,54.0,1,1,1.0,0.0,0.0,0.0,normal
3,214,3,0.3,21.4,71.33333333333333,1,1,1.0,0.0,0.0,0.0,normal
1,54,1,0.1,5.4,54.0,1,1,1.0,0.0,0.0,0.0,normal
609,41520,609,60.9,4152.0,68.17733990147784,1,1,1.0,0.0,0.0,0.0,normal
877,58901,877,87.7,5890.1,67.16191562143672,2,1,1.0,0.0,0.0,0.0,normal
13,4083,13,1.3,408.3,314.0769230769231,1,1,1.0,0.0,0.0,0.0,normal
954,3983889,954,95.4,398388.9,4175.9842767295595,2,8,0.9979035639412998,0.0020964360587002098,0.0,0.0,normal
2,260,2,0.2,26.0,130.0,2,1,0.0,1.0,0.0,0.0,normal
7,3782,7,0.7,378.2,540.2857142857143,1,1,1.0,0.0,0.0,0.0,normal
2,142,2,0.2,14.2,71.0,1,1,1.0,0.0,0.0,0.0,normal
1,105,1,0.1,10.5,105.0,1,1,1.0,0.0,0.0,0.0,normal
2,132,2,0.2,13.2,66.0,1,1,1.0,0.0,0.0,0.0,normal
1,54,1,0.1,5.4,54.0,1,1,1.0,0.0,0.0,0.0,normal
543,41805,543,54.3,4180.5,76.98895027624309,1,1,1.0,0.0,0.0,0.0,normal
404,26862,404,40.4,2686.2,66.49009900990099,2,1,1.0,0.0,0.0,0.0,normal
2,171,2,0.2,17.1,85.5,1,1,1.0,0.0,0.0,0.0,normal
440,2450424,440,44.0,245042.4,5569.145454545454,1,7,1.0,0.0,0.0,0.0,normal
20,6241,20,2.0,624.1,312.05,1,1,1.0,0.0,0.0,0.0,normal
2,142,2,0.2,14.2,71.0,1,1,1.0,0.0,0.0,0.0,normal
6,7716,6,0.6,771.6,1286.0,1,1,1.0,0.0,0.0,0.0,normal
520,34922,520,52.0,3492.2,67.1576923076923,1,1,1.0,0.0,0.0,0.0,normal
9,2733,9,0.9,273.3,303.6666666666667,1,1,1.0,0.0,0.0,0.0,normal
2,480,2,0.2,48.0,240.0,1,1,1.0,0.0,0.0,0.0,normal
345,1514244,345,34.5,151424.4,4389.113043478261,1,8,1.0,0.0,0.0,0.0,normal
3,239,3,0.3,23.9,79.66666666666667,1,1,1.0,0.0,0.0,0.0,normal
8,3848,8,0.8,384.8,481.0,1,1,1.0,0.0,0.0,0.0,normal
13,1080,13,1.3,108.0,83.07692307692308,1,1,1.0,0.0,0.0,0.0,normal
2,108,2,0.2,10.8,54.0,1,1,1.0,0.0,0.0,0.0,normal
6,2232,6,0.6,223.2,372.0,1,1,1.0,0.0,0.0,0.0,normal
2,132,2,0.2,13.2,66.0,1,1,1.0,0.0,0.0,0.0,normal
2,147,2,0.2,14.7,73.5,1,1,1.0,0.0,0.0,0.0,normal
11,797,11,1.1,79.7,72.45454545454545,1,1,1.0,0.0,0.0,0.0,normal
48,12277,48,4.8,1227.7,255.77083333333334,4,1,1.0,0.0,0.0,0.0,normal
13,19764,13,1.3,1976.4,1520.3076923076924,1,1,1.0,0.0,0.0,0.0,normal
16,1400,16,1.6,140.0,87.5,2,1,1.0,0.0,0.0,0.0,normal
24,8123,24,2.4,812.3,338.4583333333333,1,1,1.0,0.0,0.0,0.0,normal
145,72417,145,14.5,7241.7,499.42758620689654,1,11,0.9379310344827586,0.06206896551724138,0.0,0.0,normal
8,5464,8,0.8,546.4,683.0,1,1,0.0,1.0,0.0,0.0,normal
11,3196,11,1.1,319.6,290.54545454545456,1,1,1.0,0.0,0.0,0.0,normal
14,5256,14,1.4,525.6,375.42857142857144,1,1,1.0,0.0,0.0,0.0,normal
1,54,1,0.1,5.4,54.0,1,1,1.0,0.0,0.0,0.0,normal
1,54,1,0.1,5.4,54.0,1,1,1.0,0.0,0.0,0.0,normal
1,54,1,0.1,5.4,54.0,1,1,1.0,0.0,0.0,0.0,normal
1,54,1,0.1,5.4,54.0,1,1,1.0,0.0,0.0,0.0,normal
7,441,7,0.7,44.1,63.0,1,5,1.0,0.0,0.0,0.0,normal
2,108,2,0.2,10.8,54.0,1,1,1.0,0.0,0.0,0.0,normal
2,132,2,0.2,13.2,66.0,1,1,1.0,0.0,0.0,0.0,normal
1,54,1,0.1,5.4,54.0,1,1,1.0,0.0,0.0,0.0,normal
6,451,6,0.6,45.1,75.16666666666667,1,4,1.0,0.0,0.0,0.0,normal
1,54,1,0.1,5.4,54.0,1,1,1.0,0.0,0.0,0.0,normal
2,132,2,0.2,13.2,66.0,1,1,1.0,0.0,0.0,0.0,normal
2,134,2,0.2,13.4,67.0,1,1,1.0,0.0,0.0,0.0,normal
632,34296,632,63.2,3429.6,54.265822784810126,1,1,1.0,0.0,0.0,0.0,normal
496,33435,496,49.6,3343.5,67.40927419354838,2,1,1.0,0.0,0.0,0.0,normal
798,3148821,798,79.8,314882.1,3945.8909774436092,1,3,1.0,0.0,0.0,0.0,normal
2,132,2,0.2,13.2,66.0,1,1,1.0,0.0,0.0,0.0,normal
1,54,1,0.1,5.4,54.0,1,1,1.0,0.0,0.0,0.0,normal
611,34962,611,61.1,3496.2,57.220949263502455,1,1,1.0,0.0,0.0,0.0,normal
450,30419,450,45.0,3041.9,67.59777777777778,2,1,1.0,0.0,0.0,0.0,normal
2,171,2,0.2,17.1,85.5,1,1,1.0,0.0,0.0,0.0,normal
539,3046228,539,53.9,304622.8,5651.628942486085,1,5,1.0,0.0,0.0,0.0,normal
5,7697,5,0.5,769.7,1539.4,1,1,1.0,0.0,0.0,0.0,normal
593,43421,593,59.3,4342.1,73.22259696458684,1,1,1.0,0.0,0.0,0.0,normal
198,13650,198,19.8,1365.0,68.93939393939394,1,1,1.0,0.0,0.0,0.0,normal
2,456,2,0.2,45.6,228.0,1,1,1.0,0.0,0.0,0.0,normal
563,2052846,563,56.3,205284.6,3646.2628774422737,3,8,0.9982238010657194,0.0017761989342806395,0.0,0.0,normal
1,345,1,0.1,34.5,345.0,1,1,0.0,1.0,0.0,0.0,normal
3,239,3,0.3,23.9,79.66666666666667,1,1,1.0,0.0,0.0,0.0,normal
4,307,4,0.4,30.7,76.75,1,1,1.0,0.0,0.0,0.0,normal
2,147,2,0.2,14.7,73.5,1,1,1.0,0.0,0.0,0.0,normal
2,132,2,0.2,13.2,66.0,1,1,1.0,0.0,0.0,0.0,normal
1,93,1,0.1,9.3,93.0,1,1,1.0,0.0,0.0,0.0,normal
2,147,2,0.2,14.7,73.5,1,1,1.0,0.0,0.0,0.0,normal
4,294,4,0.4,29.4,73.5,2,1,1.0,0.0,0.0,0.0,normal
4,2211,4,0.4,221.1,552.75,1,1,1.0,0.0,0.0,0.0,normal
400,27364,400,40.0,2736.4,68.41,2,1,1.0,0.0,0.0,0.0,normal
1,93,1,0.1,9.3,93.0,1,1,1.0,0.0,0.0,0.0,normal
340,1056140,340,34.0,105614.0,3106.294117647059,1,10,1.0,0.0,0.0,0.0,normal
1,93,1,0.1,9.3,93.0,1,1,1.0,0.0,0.0,0.0,normal
2,147,2,0.2,14.7,73.5,1,1,1.0,0.0,0.0,0.0,normal
1,54,1,0.1,5.4,54.0,1,1,1.0,0.0,0.0,0.0,normal
1,54,1,0.1,5.4,54.0,1,1,1.0,0.0,0.0,0.0,normal
8,784,8,0.8,78.4,98.0,2,1,1.0,0.0,0.0,0.0,normal
15,6340,15,1.5,634.0,422.6666666666667,1,1,1.0,0.0,0.0,0.0,normal
9,2733,9,0.9,273.3,303.6666666666667,1,1,1.0,0.0,0.0,0.0,normal
1,54,1,0.1,5.4,54.0,1,1,1.0,0.0,0.0,0.0,normal
34,6632,34,3.4,663.2,195.05882352941177,1,6,1.0,0.0,0.0,0.0,normal
2,132,2,0.2,13.2,66.0,1,1,1.0,0.0,0.0,0.0,normal
1,54,1,0.1,5.4,54.0,1,1,1.0,0.0,0.0,0.0,normal
637,36369,637,63.7,3636.9,57.09419152276295,1,1,1.0,0.0,0.0,0.0,normal
528,35970,528,52.8,3597.0,68.125,1,1,1.0,0.0,0.0,0.0,normal
900,3114785,900,90.0,311478.5,3460.8722222222223,1,5,1.0,0.0,0.0,0.0,normal
1,54,1,0.1,5.4,54.0,1,1,1.0,0.0,0.0,0.0,normal
2,134,2,0.2,13.4,67.0,1,1,1.0,0.0,0.0,0.0,normal
649,43067,649,64.9,4306.7,66.35901386748844,1,1,1.0,0.0,0.0,0.0,normal
475,32002,475,47.5,3200.2,67.37263157894736,2,1,1.0,0.0,0.0,0.0,normal
850,2982715,850,85.0,298271.5,3509.076470588235,1,3,1.0,0.0,0.0,0.0,normal
2,132,2,0.2,13.2,66.0,1,1,1.0,0.0,0.0,0.0,normal
725,39625,725,72.5,3962.5,54.6551724137931,1,1,1.0,0.0,0.0,0.0,normal
22,12501,22,2.2,1250.1,568.2272727272727,1,1,1.0,0.0,0.0,0.0,normal
505,33873,505,50.5,3387.3,67.07524752475247,2,1,1.0,0.0,0.0,0.0,normal
674,3697770,674,67.4,369777.0,5486.305637982196,1,6,0.9747774480712166,0.025222551928783383,0.0,0.0,normal
13,6237,13,1.3,623.7,479.7692307692308,1,1,0.0,1.0,0.0,0.0,normal
2,108,2,0.2,10.8,54.0,1,1,1.0,0.0,0.0,0.0,normal
5,7728,5,0.5,772.8,1545.6,1,1,1.0,0.0,0.0,0.0,normal
1,54,1,0.1,5.4,54.0,1,1,1.0,0.0,0.0,0.0,normal
4,1277,4,0.4,127.7,319.25,1,1,1.0,0.0,0.0,0.0,normal
14,1637,14,1.4,163.7,116.92857142857143,1,5,1.0,0.0,0.0,0.0,normal
3,239,3,0.3,23.9,79.66666666666667,1,1,1.0,0.0,0.0,0.0,normal
1,93,1,0.1,9.3,93.0,1,1,1.0,0.0,0.0,0.0,normal
2,132,2,0.2,13.2,66.0,1,1,1.0,0.0,0.0,0.0,normal
1,93,1,0.1,9.3,93.0,1,1,1.0,0.0,0.0,0.0,normal
6,453,6,0.6,45.3,75.5,2,1,1.0,0.0,0.0,0.0,normal
1,54,1,0.1,5.4,54.0,1,1,1.0,0.0,0.0,0.0,normal
17,1270,17,1.7,127.0,74.70588235294117,1,7,1.0,0.0,0.0,0.0,normal
1,93,1,0.1,9.3,93.0,1,1,1.0,0.0,0.0,0.0,normal
2,147,2,0.2,14.7,73.5,1,1,1.0,0.0,0.0,0.0,normal
1,1218,1,0.1,121.8,1218.0,1,1,1.0,0.0,0.0,0.0,normal
1,78,1,0.1,7.8,78.0,1,1,1.0,0.0,0.0,0.0,normal
3,260,3,0.3,26.0,86.66666666666667,1,1,1.0,0.0,0.0,0.0,normal
1,103,1,0.1,10.3,103.0,1,1,1.0,0.0,0.0,0.0,normal
1,1218,1,0.1,121.8,1218.0,1,1,1.0,0.0,0.0,0.0,normal
4,307,4,0.4,30.7,76.75,1,1,1.0,0.0,0.0,0.0,normal
7,525,7,0.7,52.5,75.0,1,3,1.0,0.0,0.0,0.0,normal
4,461,4,0.4,46.1,115.25,1,1,1.0,0.0,0.0,0.0,normal
1,89,1,0.1,8.9,89.0,1,1,0.0,1.0,0.0,0.0,normal
1,257,1,0.1,25.7,257.0,1,1,0.0,1.0,0.0,0.0,normal
1,103,1,0.1,10.3,103.0,1,1,1.0,0.0,0.0,0.0,normal
1,1218,1,0.1,121.8,1218.0,1,1,1.0,0.0,0.0,0.0,normal
1,1218,1,0.1,121.8,1218.0,1,1,1.0,0.0,0.0,0.0,normal
1,89,1,0.1,8.9,89.0,1,1,0.0,1.0,0.0,0.0,normal
1,257,1,0.1,25.7,257.0,1,1,0.0,1.0,0.0,0.0,normal
1,1218,1,0.1,121.8,1218.0,1,1,1.0,0.0,0.0,0.0,normal
5,390,5,0.5,39.0,78.0,1,1,1.0,0.0,0.0,0.0,normal
2,156,2,0.2,15.6,78.0,1,1,1.0,0.0,0.0,0.0,normal
5,270,5,0.5,27.0,54.0,1,1,1.0,0.0,0.0,0.0,normal
5,635,5,0.5,63.5,127.0,1,1,1.0,0.0,0.0,0.0,normal
2,108,2,0.2,10.8,54.0,1,1,1.0,0.0,0.0,0.0,normal
1,78,1,0.1,7.8,78.0,1,1,1.0,0.0,0.0,0.0,normal
2,254,2,0.2,25.4,127.0,1,1,1.0,0.0,0.0,0.0,normal
1,54,1,0.1,5.4,54.0,1,1,1.0,0.0,0.0,0.0,normal
1,127,1,0.1,12.7,127.0,1,1,1.0,0.0,0.0,0.0,normal
1,54,1,0.1,5.4,54.0,1,1,1.0,0.0,0.0,0.0,normal
1,127,1,0.1,12.7,127.0,1,1,1.0,0.0,0.0,0.0,normal
5,270,5,0.5,27.0,54.0,1,1,1.0,0.0,0.0,0.0,normal
1,54,1,0.1,5.4,54.0,1,1,1.0,0.0,0.0,0.0,normal
9,742,9,0.9,74.2,82.44444444444444,2,2,0.1111111111111111,0.8888888888888888,0.0,0.0,normal
8,1872,8,0.8,187.2,234.0,8,1,0.0,1.0,0.0,0.0,normal
15,2221,15,1.5,222.1,148.06666666666666,3,1,1.0,0.0,0.0,0.0,normal
1,54,1,0.1,5.4,54.0,1,1,1.0,0.0,0.0,0.0,normal
8,6889,8,0.8,688.9,861.125,1,1,1.0,0.0,0.0,0.0,normal
598,38818,598,59.8,3881.8,64.91304347826087,1,1,1.0,0.0,0.0,0.0,normal
3,327,3,0.3,32.7,109.0,1,1,1.0,0.0,0.0,0.0,normal
291,1492570,291,29.1,149257.0,5129.106529209622,4,9,0.9312714776632303,0.06872852233676977,0.0,0.0,normal
16,2484,16,1.6,248.4,155.25,16,1,0.0,1.0,0.0,0.0,normal
17,18107,17,1.7,1810.7,1065.1176470588234,1,1,1.0,0.0,0.0,0.0,normal
22,5990,22,2.2,599.0,272.27272727272725,2,1,1.0,0.0,0.0,0.0,normal
1,66,1,0.1,6.6,66.0,1,1,1.0,0.0,0.0,0.0,normal
28,15845,28,2.8,1584.5,565.8928571428571,3,1,1.0,0.0,0.0,0.0,normal
10,4451,10,1.0,445.1,445.1,1,1,1.0,0.0,0.0,0.0,normal
7,624,7,0.7,62.4,89.14285714285714,1,1,1.0,0.0,0.0,0.0,normal
1,66,1,0.1,6.6,66.0,1,1,1.0,0.0,0.0,0.0,normal
484,26822,484,48.4,2682.2,55.417355371900825,1,1,1.0,0.0,0.0,0.0,normal
112,35977,112,11.2,3597.7,321.2232142857143,6,1,1.0,0.0,0.0,0.0,normal
97,342977,97,9.7,34297.7,3535.8453608247423,1,1,1.0,0.0,0.0,0.0,normal
520,1621480,520,52.0,162148.0,3118.230769230769,2,13,0.9961538461538462,0.0038461538461538464,0.0,0.0,normal
2,244,2,0.2,24.4,122.0,2,1,0.0,1.0,0.0,0.0,normal
13,9579,13,1.3,957.9,736.8461538461538,1,1,1.0,0.0,0.0,0.0,normal
14,3018,14,1.4,301.8,215.57142857142858,2,1,1.0,0.0,0.0,0.0,normal
1,78,1,0.1,7.8,78.0,1,1,1.0,0.0,0.0,0.0,normal
1,66,1,0.1,6.6,66.0,1,1,1.0,0.0,0.0,0.0,normal
4,256,4,0.4,25.6,64.0,1,3,1.0,0.0,0.0,0.0,normal
1,54,1,0.1,5.4,54.0,1,1,1.0,0.0,0.0,0.0,normal
1,54,1,0.1,5.4,54.0,1,1,1.0,0.0,0.0,0.0,normal
1,66,1,0.1,6.6,66.0,1,1,1.0,0.0,0.0,0.0,normal
1,54,1,0.1,5.4,54.0,1,1,1.0,0.0,0.0,0.0,normal
25,4961,25,2.5,496.1,198.44,1,1,1.0,0.0,0.0,0.0,normal
9,2733,9,0.9,273.3,303.6666666666667,1,1,1.0,0.0,0.0,0.0,normal
34,24599,34,3.4,2459.9,723.5,1,5,1.0,0.0,0.0,0.0,normal
5,333,5,0.5,33.3,66.6,1,1,1.0,0.0,0.0,0.0,normal
2,132,2,0.2,13.2,66.0,1,1,1.0,0.0,0.0,0.0,normal
11,13665,11,1.1,1366.5,1242.2727272727273,1,1,1.0,0.0,0.0,0.0,normal
22,17793,22,2.2,1779.3,808.7727272727273,3,1,0.6363636363636364,0.36363636363636365,0.0,0.0,normal
38,17119,38,3.8,1711.9,450.5,1,3,0.7105263157894737,0.2894736842105263,0.0,0.0,normal
1,66,1,0.1,6.6,66.0,1,1,1.0,0.0,0.0,0.0,normal
2,120,2,0.2,12.0,60.0,1,2,1.0,0.0,0.0,0.0,normal
1,54,1,0.1,5.4,54.0,1,1,1.0,0.0,0.0,0.0,normal
4,279,4,0.4,27.9,69.75,2,1,1.0,0.0,0.0,0.0,normal
2,157,2,0.2,15.7,78.5,1,1,1.0,0.0,0.0,0.0,normal
3,254,3,0.3,25.4,84.66666666666667,1,1,1.0,0.0,0.0,0.0,normal
1,66,1,0.1,6.6,66.0,1,1,1.0,0.0,0.0,0.0,normal
2,120,2,0.2,12.0,60.0,2,1,1.0,0.0,0.0,0.0,normal
12,913,12,1.2,91.3,76.08333333333333,1,6,1.0,0.0,0.0,0.0,normal
2,171,2,0.2,17.1,85.5,1,1,1.0,0.0,0.0,0.0,normal
1,66,1,0.1,6.6,66.0,1,1,1.0,0.0,0.0,0.0,normal
1,54,1,0.1,5.4,54.0,1,1,1.0,0.0,0.0,0.0,normal
6,504,6,0.6,50.4,84.0,1,3,1.0,0.0,0.0,0.0,normal
6,478,6,0.6,47.8,79.66666666666667,1,1,1.0,0.0,0.0,0.0,normal
2,132,2,0.2,13.2,66.0,1,1,1.0,0.0,0.0,0.0,normal
1,66,1,0.1,6.6,66.0,1,1,1.0,0.0,0.0,0.0,normal
5,334,5,0.5,33.4,66.8,1,3,1.0,0.0,0.0,0.0,normal
2,108,2,0.2,10.8,54.0,1,1,1.0,0.0,0.0,0.0,normal
1,66,1,0.1,6.6,66.0,1,1,1.0,0.0,0.0,0.0,normal
3,174,3,0.3,17.4,58.0,2,1,1.0,0.0,0.0,0.0,normal
2,147,2,0.2,14.7,73.5,1,1,1.0,0.0,0.0,0.0,normal
1,93,1,0.1,9.3,93.0,1,1,1.0,0.0,0.0,0.0,normal
9,612,9,0.9,61.2,68.0,1,4,1.0,0.0,0.0,0.0,normal
2,132,2,0.2,13.2,66.0,1,1,1.0,0.0,0.0,0.0,normal
5,7611,5,0.5,761.1,1522.2,1,1,1.0,0.0,0.0,0.0,normal
3,186,3,0.3,18.6,62.0,1,1,1.0,0.0,0.0,0.0,normal
12,9234,12,1.2,923.4,769.5,2,1,0.3333333333333333,0.6666666666666666,0.0,0.0,normal
1,74,1,0.1,7.4,74.0,1,1,1.0,0.0,0.0,0.0,normal
30,7111,30,3.0,711.1,237.03333333333333,3,8,0.7666666666666667,0.23333333333333334,0.0,0.0,normal
1,345,1,0.1,34.5,345.0,1,1,0.0,1.0,0.0,0.0,normal
3,239,3,0.3,23.9,79.66666666666667,1,1,1.0,0.0,0.0,0.0,normal
4,339,4,0.4,33.9,84.75,1,1,1.0,0.0,0.0,0.0,normal
1,66,1,0.1,6.6,66.0,1,1,1.0,0.0,0.0,0.0,normal
1,66,1,0.1,6.6,66.0,1,1,1.0,0.0,0.0,0.0,normal
3,225,3,0.3,22.5,75.0,2,1,1.0,0.0,0.0,0.0,normal
2,157,2,0.2,15.7,78.5,1,1,1.0,0.0,0.0,0.0,normal
3,254,3,0.3,25.4,84.66666666666667,1,1,1.0,0.0,0.0,0.0,normal
1,66,1,0.1,6.6,66.0,1,1,1.0,0.0,0.0,0.0,normal
1,66,1,0.1,6.6,66.0,1,1,1.0,0.0,0.0,0.0,normal
1,67,1,0.1,6.7,67.0,1,1,0.0,1.0,0.0,0.0,normal
12,936,12,1.2,93.6,78.0,1,7,0.9166666666666666,0.08333333333333333,0.0,0.0,normal
1,105,1,0.1,10.5,105.0,1,1,1.0,0.0,0.0,0.0,normal
1,66,1,0.1,6.6,66.0,1,1,1.0,0.0,0.0,0.0,normal
1,54,1,0.1,5.4,54.0,1,1,1.0,0.0,0.0,0.0,normal
3,174,3,0.3,17.4,58.0,1,3,1.0,0.0,0.0,0.0,normal
1,54,1,0.1,5.4,54.0,1,1,1.0,0.0,0.0,0.0,normal
5,333,5,0.5,33.3,66.6,2,1,1.0,0.0,0.0,0.0,normal
1,66,1,0.1,6.6,66.0,1,1,1.0,0.0,0.0,0.0,normal
3,201,3,0.3,20.1,67.0,1,1,1.0,0.0,0.0,0.0,normal
3,240,3,0.3,24.0,80.0,2,1,1.0,0.0,0.0,0.0,normal
2,171,2,0.2,17.1,85.5,1,1,1.0,0.0,0.0,0.0,normal
14,835,14,1.4,83.5,59.642857142857146,1,5,1.0,0.0,0.0,0.0,normal
1,66,1,0.1,6.6,66.0,1,1,1.0,0.0,0.0,0.0,normal
1,66,1,0.1,6.6,66.0,1,1,1.0,0.0,0.0,0.0,normal
1,93,1,0.1,9.3,93.0,1,1,1.0,0.0,0.0,0.0,normal
4,279,4,0.4,27.9,69.75,1,3,1.0,0.0,0.0,0.0,normal
2,132,2,0.2,13.2,66.0,1,1,1.0,0.0,0.0,0.0,normal
5,7741,5,0.5,774.1,1548.2,1,1,1.0,0.0,0.0,0.0,normal
26,18903,26,2.6,1890.3,727.0384615384615,4,1,0.6538461538461539,0.34615384615384615,0.0,0.0,normal
1,230,1,0.1,23.0,230.0,1,1,0.0,1.0,0.0,0.0,normal
37,14999,37,3.7,1499.9,405.3783783783784,2,5,0.7297297297297297,0.2702702702702703,0.0,0.0,normal
3,239,3,0.3,23.9,79.66666666666667,1,1,1.0,0.0,0.0,0.0,normal
4,247,4,0.4,24.7,61.75,1,1,1.0,0.0,0.0,0.0,normal
1,66,1,0.1,6.6,66.0,1,1,1.0,0.0,0.0,0.0,normal
8,620,8,0.8,62.0,77.5,1,3,1.0,0.0,0.0,0.0,normal
2,132,2,0.2,13.2,66.0,1,1,1.0,0.0,0.0,0.0,normal
4,240,4,0.4,24.0,60.0,2,1,1.0,0.0,0.0,0.0,normal
2,157,2,0.2,15.7,78.5,1,1,1.0,0.0,0.0,0.0,normal
1,66,1,0.1,6.6,66.0,1,1,1.0,0.0,0.0,0.0,normal
2,1136,2,0.2,113.6,568.0,1,1,0.0,1.0,0.0,0.0,normal
8,636,8,0.8,63.6,79.5,1,4,0.75,0.25,0.0,0.0,normal
1,66,1,0.1,6.6,66.0,1,1,1.0,0.0,0.0,0.0,normal
1,66,1,0.1,6.6,66.0,1,1,1.0,0.0,0.0,0.0,normal
1,54,1,0.1,5.4,54.0,1,1,1.0,0.0,0.0,0.0,normal
5,329,5,0.5,32.9,65.8,2,5,0.8,0.2,0.0,0.0,normal
1,489,1,0.1,48.9,489.0,1,1,0.0,1.0,0.0,0.0,normal
1,54,1,0.1,5.4,54.0,1,1,1.0,0.0,0.0,0.0,normal
2,132,2,0.2,13.2,66.0,1,1,1.0,0.0,0.0,0.0,normal
1,66,1,0.1,6.6,66.0,1,1,1.0,0.0,0.0,0.0,normal
1,93,1,0.1,9.3,93.0,1,1,1.0,0.0,0.0,0.0,normal
5,349,5,0.5,34.9,69.8,1,4,1.0,0.0,0.0,0.0,normal
1,146,1,0.1,14.6,146.0,1,1,1.0,0.0,0.0,0.0,normal
1,66,1,0.1,6.6,66.0,1,1,1.0,0.0,0.0,0.0,normal
2,108,2,0.2,10.8,54.0,1,1,1.0,0.0,0.0,0.0,normal
4,291,4,0.4,29.1,72.75,1,2,1.0,0.0,0.0,0.0,normal
2,132,2,0.2,13.2,66.0,1,1,1.0,0.0,0.0,0.0,normal
5,7841,5,0.5,784.1,1568.2,1,1,1.0,0.0,0.0,0.0,normal
25,17364,25,2.5,1736.4,694.56,4,1,0.68,0.32,0.0,0.0,normal
36,12254,36,3.6,1225.4,340.3888888888889,1,5,0.7777777777777778,0.2222222222222222,0.0,0.0,normal
3,239,3,0.3,23.9,79.66666666666667,1,1,1.0,0.0,0.0,0.0,normal
2,120,2,0.2,12.0,60.0,1,1,1.0,0.0,0.0,0.0,normal
2,156,2,0.2,15.6,78.0,1,1,1.0,0.0,0.0,0.0,normal
2,132,2,0.2,13.2,66.0,1,1,1.0,0.0,0.0,0.0,normal
2,157,2,0.2,15.7,78.5,1,1,1.0,0.0,0.0,0.0,normal
713,47720,713,71.3,4772.0,66.92847124824685,1,1,1.0,0.0,0.0,0.0,normal
468,2060970,468,46.8,206097.0,4403.782051282052,1,3,1.0,0.0,0.0,0.0,normal
1088,78693,1088,108.8,7869.3,72.328125,2,1,1.0,0.0,0.0,0.0,normal
1,54,1,0.1,5.4,54.0,1,1,1.0,0.0,0.0,0.0,normal
647,3236221,647,64.7,323622.1,5001.887171561051,2,5,0.9969088098918083,0.0030911901081916537,0.0,0.0,normal
2,422,2,0.2,42.2,211.0,2,1,0.0,1.0,0.0,0.0,normal
1,146,1,0.1,14.6,146.0,1,1,1.0,0.0,0.0,0.0,normal
1,54,1,0.1,5.4,54.0,1,1,1.0,0.0,0.0,0.0,normal
2,132,2,0.2,13.2,66.0,1,1,1.0,0.0,0.0,0.0,normal
35,13144,35,3.5,1314.4,375.54285714285714,1,1,1.0,0.0,0.0,0.0,normal
1,93,1,0.1,9.3,93.0,1,1,1.0,0.0,0.0,0.0,normal
36,115965,36,3.6,11596.5,3221.25,1,3,1.0,0.0,0.0,0.0,normal
1592,114552,1592,159.2,11455.2,71.95477386934674,2,1,1.0,0.0,0.0,0.0,normal
969,4816610,969,96.9,481661.0,4970.701754385965,1,1,1.0,0.0,0.0,0.0,normal
2,132,2,0.2,13.2,66.0,1,1,1.0,0.0,0.0,0.0,normal
11,13497,11,1.1,1349.7,1227.0,1,1,1.0,0.0,0.0,0.0,normal
598,41679,598,59.8,4167.9,69.69732441471572,2,1,1.0,0.0,0.0,0.0,normal
9,2733,9,0.9,273.3,303.6666666666667,1,1,1.0,0.0,0.0,0.0,normal
10,7004,10,1.0,700.4,700.4,2,1,0.4,0.6,0.0,0.0,normal
563,1605245,563,56.3,160524.5,2851.234458259325,2,7,0.9822380106571936,0.017761989342806393,0.0,0.0,normal
4,798,4,0.4,79.8,199.5,4,1,0.0,1.0,0.0,0.0,normal
3,239,3,0.3,23.9,79.66666666666667,1,1,1.0,0.0,0.0,0.0,normal
4,1976,4,0.4,197.6,494.0,1,1,1.0,0.0,0.0,0.0,normal
672,100232,672,67.2,10023.2,149.1547619047619,3,1,1.0,0.0,0.0,0.0,normal
635,1809210,635,63.5,180921.0,2849.149606299213,2,5,0.9921259842519685,0.007874015748031496,0.0,0.0,normal
5,1269,5,0.5,126.9,253.8,5,1,0.0,1.0,0.0,0.0,normal
18,17193,18,1.8,1719.3,955.1666666666666,1,1,1.0,0.0,0.0,0.0,normal
2,132,2,0.2,13.2,66.0,1,1,1.0,0.0,0.0,0.0,normal
1,74,1,0.1,7.4,74.0,1,1,1.0,0.0,0.0,0.0,normal
2,157,2,0.2,15.7,78.5,1,1,1.0,0.0,0.0,0.0,normal
1765,119696,1765,176.5,11969.6,67.81643059490085,2,1,1.0,0.0,0.0,0.0,normal
139,339182,139,13.9,33918.2,2440.1582733812947,1,1,1.0,0.0,0.0,0.0,normal
1,67,1,0.1,6.7,67.0,1,1,0.0,1.0,0.0,0.0,normal
1347,4972706,1347,134.7,497270.6,3691.689680772086,2,8,0.9977728285077951,0.0022271714922048997,0.0,0.0,normal
2,244,2,0.2,24.4,122.0,2,1,0.0,1.0,0.0,0.0,normal
2,156,2,0.2,15.6,78.0,1,1,1.0,0.0,0.0,0.0,normal
1,54,1,0.1,5.4,54.0,1,1,1.0,0.0,0.0,0.0,normal
1064,76445,1064,106.4,7644.5,71.8468045112782,3,1,1.0,0.0,0.0,0.0,normal
643,3255890,643,64.3,325589.0,5063.592534992224,1,3,1.0,0.0,0.0,0.0,normal
1,54,1,0.1,5.4,54.0,1,1,1.0,0.0,0.0,0.0,normal
2,132,2,0.2,13.2,66.0,1,1,1.0,0.0,0.0,0.0,normal
1,54,1,0.1,5.4,54.0,1,1,1.0,0.0,0.0,0.0,normal
1655,114587,1655,165.5,11458.7,69.2368580060423,3,1,1.0,0.0,0.0,0.0,normal
1073,5077654,1073,107.3,507765.4,4732.203168685927,1,4,1.0,0.0,0.0,0.0,normal
1,66,1,0.1,6.6,66.0,1,1,1.0,0.0,0.0,0.0,normal
1990,139343,1990,199.0,13934.3,70.021608040201,2,1,1.0,0.0,0.0,0.0,normal
1039,6366961,1039,103.9,636696.1,6127.970163618865,1,1,1.0,0.0,0.0,0.0,normal
2,132,2,0.2,13.2,66.0,1,1,1.0,0.0,0.0,0.0,normal
1,54,1,0.1,5.4,54.0,1,1,1.0,0.0,0.0,0.0,normal
582,52944,582,58.2,5294.4,90.96907216494846,3,1,1.0,0.0,0.0,0.0,normal
1,93,1,0.1,9.3,93.0,1,1,1.0,0.0,0.0,0.0,normal
12,10892,12,1.2,1089.2,907.6666666666666,2,1,0.25,0.75,0.0,0.0,normal
359,1672382,359,35.9,167238.2,4658.445682451254,1,6,0.9693593314763231,0.03064066852367688,0.0,0.0,normal
3,239,3,0.3,23.9,79.66666666666667,1,1,1.0,0.0,0.0,0.0,normal
1,54,1,0.1,5.4,54.0,1,1,1.0,0.0,0.0,0.0,normal
1243,85471,1243,124.3,8547.1,68.76186645213194,3,1,1.0,0.0,0.0,0.0,normal
767,3056185,767,76.7,305618.5,3984.595827900913,1,3,1.0,0.0,0.0,0.0,normal
1,66,1,0.1,6.6,66.0,1,1,1.0,0.0,0.0,0.0,normal
2,132,2,0.2,13.2,66.0,1,1,1.0,0.0,0.0,0.0,normal
2,157,2,0.2,15.7,78.5,1,1,1.0,0.0,0.0,0.0,normal
1132,75406,1132,113.2,7540.6,66.613074204947,2,1,1.0,0.0,0.0,0.0,normal
1,54,1,0.1,5.4,54.0,1,1,1.0,0.0,0.0,0.0,normal
871,3098693,871,87.1,309869.3,3557.626865671642,1,4,1.0,0.0,0.0,0.0,normal
1,54,1,0.1,5.4,54.0,1,1,1.0,0.0,0.0,0.0,normal
1084,81706,1084,108.4,8170.6,75.37453874538745,3,1,1.0,0.0,0.0,0.0,normal
864,3041610,864,86.4,304161.0,3520.3819444444443,1,3,1.0,0.0,0.0,0.0,normal
1,54,1,0.1,5.4,54.0,1,1,1.0,0.0,0.0,0.0,normal
2,132,2,0.2,13.2,66.0,1,1,1.0,0.0,0.0,0.0,normal
1,54,1,0.1,5.4,54.0,1,1,1.0,0.0,0.0,0.0,normal
165,13376,165,16.5,1337.6,81.06666666666666,3,1,1.0,0.0,0.0,0.0,normal
96,382046,96,9.6,38204.6,3979.6458333333335,1,4,1.0,0.0,0.0,0.0,normal
2,132,2,0.2,13.2,66.0,1,1,1.0,0.0,0.0,0.0,normal
1224,81903,1224,122.4,8190.3,66.91421568627452,2,1,1.0,0.0,0.0,0.0,normal
924,3403673,924,92.4,340367.3,3683.628787878788,1,1,1.0,0.0,0.0,0.0,normal
2,132,2,0.2,13.2,66.0,1,1,1.0,0.0,0.0,0.0,normal
7,2421,7,0.7,242.1,345.85714285714283,1,1,1.0,0.0,0.0,0.0,normal
6,7650,6,0.6,765.0,1275.0,1,1,1.0,0.0,0.0,0.0,normal
1142,78125,1142,114.2,7812.5,68.4106830122592,3,1,1.0,0.0,0.0,0.0,normal
10,2826,10,1.0,282.6,282.6,1,1,1.0,0.0,0.0,0.0,normal
9,8352,9,0.9,835.2,928.0,2,1,0.2222222222222222,0.7777777777777778,0.0,0.0,normal
759,3393856,759,75.9,339385.6,4471.483530961792,3,10,0.9855072463768116,0.014492753623188406,0.0,0.0,normal
1,345,1,0.1,34.5,345.0,1,1,0.0,1.0,0.0,0.0,normal
3,239,3,0.3,23.9,79.66666666666667,1,1,1.0,0.0,0.0,0.0,normal
1,66,1,0.1,6.6,66.0,1,1,1.0,0.0,0.0,0.0,normal
4,307,4,0.4,30.7,76.75,1,1,1.0,0.0,0.0,0.0,normal
37,56695,37,3.7,5669.5,1532.2972972972973,3,1,0.7027027027027027,0.2972972972972973,0.0,0.0,normal
6,8806,6,0.6,880.6,1467.6666666666667,1,1,0.0,1.0,0.0,0.0,normal
901,49185,901,90.1,4918.5,54.589345172031074,1,1,1.0,0.0,0.0,0.0,normal
517,57237,517,51.7,5723.7,110.70986460348162,3,1,1.0,0.0,0.0,0.0,normal
5,1405,5,0.5,140.5,281.0,1,1,1.0,0.0,0.0,0.0,normal
628,4093624,628,62.8,409362.4,6518.509554140127,1,5,0.9665605095541401,0.03343949044585987,0.0,0.0,normal
2,132,2,0.2,13.2,66.0,1,1,1.0,0.0,0.0,0.0,normal
2,157,2,0.2,15.7,78.5,1,1,1.0,0.0,0.0,0.0,normal
7,2069,7,0.7,206.9,295.57142857142856,1,1,1.0,0.0,0.0,0.0,normal
1,67,1,0.1,6.7,67.0,1,1,0.0,1.0,0.0,0.0,normal
19,1870,19,1.9,187.0,98.42105263157895,2,6,0.8421052631578947,0.15789473684210525,0.0,0.0,normal
2,202,2,0.2,20.2,101.0,2,1,0.0,1.0,0.0,0.0,normal
1,54,1,0.1,5.4,54.0,1,1,1.0,0.0,0.0,0.0,normal
2,132,2,0.2,13.2,66.0,2,1,1.0,0.0,0.0,0.0,normal
1,54,1,0.1,5.4,54.0,1,1,1.0,0.0,0.0,0.0,normal
7,442,7,0.7,44.2,63.142857142857146,1,5,1.0,0.0,0.0,0.0,normal
1,78,1,0.1,7.8,78.0,1,1,1.0,0.0,0.0,0.0,normal
1,54,1,0.1,5.4,54.0,1,1,1.0,0.0,0.0,0.0,normal
3,198,3,0.3,19.8,66.0,3,1,1.0,0.0,0.0,0.0,normal
6,408,6,0.6,40.8,68.0,1,4,1.0,0.0,0.0,0.0,normal
1,54,1,0.1,5.4,54.0,1,1,1.0,0.0,0.0,0.0,normal
2,128,2,0.2,12.8,64.0,1,2,1.0,0.0,0.0,0.0,normal
1,54,1,0.1,5.4,54.0,1,1,1.0,0.0,0.0,0.0,normal
2,132,2,0.2,13.2,66.0,1,1,1.0,0.0,0.0,0.0,normal
6,7638,6,0.6,763.8,1273.0,1,1,1.0,0.0,0.0,0.0,normal
2,132,2,0.2,13.2,66.0,2,1,1.0,0.0,0.0,0.0,normal
8,8287,8,0.8,828.7,1035.875,2,1,0.25,0.75,0.0,0.0,normal
25,8729,25,2.5,872.9,349.16,1,5,0.6,0.4,0.0,0.0,normal
3,239,3,0.3,23.9,79.66666666666667,1,1,1.0,0.0,0.0,0.0,normal
3,198,3,0.3,19.8,66.0,3,1,1.0,0.0,0.0,0.0,normal
1,68,1,0.1,6.8,68.0,1,1,0.0,1.0,0.0,0.0,normal
3,198,3,0.3,19.8,66.0,1,1,1.0,0.0,0.0,0.0,normal
2,132,2,0.2,13.2,66.0,1,1,1.0,0.0,0.0,0.0,normal
2,157,2,0.2,15.7,78.5,1,1,1.0,0.0,0.0,0.0,normal
5,1962,5,0.5,196.2,392.4,1,1,1.0,0.0,0.0,0.0,normal
1,54,1,0.1,5.4,54.0,1,1,1.0,0.0,0.0,0.0,normal
10,2825,10,1.0,282.5,282.5,1,1,1.0,0.0,0.0,0.0,normal
1,67,1,0.1,6.7,67.0,1,1,0.0,1.0,0.0,0.0,normal
25,5222,25,2.5,522.2,208.88,1,6,0.96,0.04,0.0,0.0,normal
3,1288,3,0.3,128.8,429.3333333333333,1,1,1.0,0.0,0.0,0.0,normal
1,54,1,0.1,5.4,54.0,1,1,1.0,0.0,0.0,0.0,normal
2,132,2,0.2,13.2,66.0,2,1,1.0,0.0,0.0,0.0,normal
1,54,1,0.1,5.4,54.0,1,1,1.0,0.0,0.0,0.0,normal
8,523,8,0.8,52.3,65.375,2,7,0.875,0.125,0.0,0.0,normal
1,489,1,0.1,48.9,489.0,1,1,0.0,1.0,0.0,0.0,normal
1,54,1,0.1,5.4,54.0,1,1,1.0,0.0,0.0,0.0,normal
2,132,2,0.2,13.2,66.0,1,1,1.0,0.0,0.0,0.0,normal
3,198,3,0.3,19.8,66.0,2,1,1.0,0.0,0.0,0.0,normal
5,370,5,0.5,37.0,74.0,1,2,1.0,0.0,0.0,0.0,normal
1,54,1,0.1,5.4,54.0,1,1,1.0,0.0,0.0,0.0,normal
1,66,1,0.1,6.6,66.0,1,1,1.0,0.0,0.0,0.0,normal
2,120,2,0.2,12.0,60.0,1,2,1.0,0.0,0.0,0.0,normal
2,132,2,0.2,13.2,66.0,1,1,1.0,0.0,0.0,0.0,normal
5,7796,5,0.5,779.6,1559.2,1,1,1.0,0.0,0.0,0.0,normal
2,132,2,0.2,13.2,66.0,2,1,1.0,0.0,0.0,0.0,normal
9,8280,9,0.9,828.0,920.0,2,1,0.2222222222222222,0.7777777777777778,0.0,0.0,normal
20,8396,20,2.0,839.6,419.8,1,5,0.6,0.4,0.0,0.0,normal
3,239,3,0.3,23.9,79.66666666666667,1,1,1.0,0.0,0.0,0.0,normal
27,21499,27,2.7,2149.9,796.2592592592592,2,1,0.6666666666666666,0.3333333333333333,0.0,0.0,normal
3,186,3,0.3,18.6,62.0,1,1,1.0,0.0,0.0,0.0,normal
13,4065,13,1.3,406.5,312.6923076923077,1,1,1.0,0.0,0.0,0.0,normal
2,162,2,0.2,16.2,81.0,1,1,0.0,1.0,0.0,0.0,normal
41,14000,41,4.1,1400.0,341.4634146341463,1,4,0.8292682926829268,0.17073170731707318,0.0,0.0,normal
2,132,2,0.2,13.2,66.0,1,1,1.0,0.0,0.0,0.0,normal
9,6946,9,0.9,694.6,771.7777777777778,1,1,0.0,1.0,0.0,0.0,normal
2,157,2,0.2,15.7,78.5,1,1,1.0,0.0,0.0,0.0,normal
2,171,2,0.2,17.1,85.5,1,1,1.0,0.0,0.0,0.0,normal
1,54,1,0.1,5.4,54.0,1,1,1.0,0.0,0.0,0.0,normal
1,66,1,0.1,6.6,66.0,1,1,1.0,0.0,0.0,0.0,normal
7,2150,7,0.7,215.0,307.14285714285717,1,1,1.0,0.0,0.0,0.0,normal
1,67,1,0.1,6.7,67.0,1,1,0.0,1.0,0.0,0.0,normal
21,6922,21,2.1,692.2,329.6190476190476,1,8,0.47619047619047616,0.5238095238095238,0.0,0.0,normal
1,54,1,0.1,5.4,54.0,1,1,1.0,0.0,0.0,0.0,normal
1,66,1,0.1,6.6,66.0,1,1,1.0,0.0,0.0,0.0,normal
1,54,1,0.1,5.4,54.0,1,1,1.0,0.0,0.0,0.0,normal
4,228,4,0.4,22.8,57.0,1,4,1.0,0.0,0.0,0.0,normal
1,54,1,0.1,5.4,54.0,1,1,1.0,0.0,0.0,0.0,normal
2,132,2,0.2,13.2,66.0,1,1,1.0,0.0,0.0,0.0,normal
1,82,1,0.1,8.2,82.0,1,1,1.0,0.0,0.0,0.0,normal
1,54,1,0.1,5.4,54.0,1,1,1.0,0.0,0.0,0.0,normal
1,66,1,0.1,6.6,66.0,1,1,1.0,0.0,0.0,0.0,normal
2,120,2,0.2,12.0,60.0,1,2,1.0,0.0,0.0,0.0,normal
2,132,2,0.2,13.2,66.0,1,1,1.0,0.0,0.0,0.0,normal
5,7560,5,0.5,756.0,1512.0,1,1,1.0,0.0,0.0,0.0,normal
1,66,1,0.1,6.6,66.0,1,1,1.0,0.0,0.0,0.0,normal
9,2733,9,0.9,273.3,303.6666666666667,1,1,1.0,0.0,0.0,0.0,normal
2,1152,2,0.2,115.2,576.0,1,1,1.0,0.0,0.0,0.0,normal
24,7947,24,2.4,794.7,331.125,2,7,0.75,0.25,0.0,0.0,normal
2,260,2,0.2,26.0,130.0,2,1,0.0,1.0,0.0,0.0,normal
3,239,3,0.3,23.9,79.66666666666667,1,1,1.0,0.0,0.0,0.0,normal
10,10421,10,1.0,1042.1,1042.1,1,1,0.0,1.0,0.0,0.0,normal
11,2248,11,1.1,224.8,204.36363636363637,2,3,0.2727272727272727,0.7272727272727273,0.0,0.0,normal
1,87,1,0.1,8.7,87.0,1,1,0.0,1.0,0.0,0.0,normal
1,54,1,0.1,5.4,54.0,1,1,1.0,0.0,0.0,0.0,normal
1,66,1,0.1,6.6,66.0,1,1,1.0,0.0,0.0,0.0,normal
2,158,2,0.2,15.8,79.0,1,1,1.0,0.0,0.0,0.0,normal
2,171,2,0.2,17.1,85.5,1,1,1.0,0.0,0.0,0.0,normal
1,54,1,0.1,5.4,54.0,1,1,1.0,0.0,0.0,0.0,normal
1,66,1,0.1,6.6,66.0,1,1,1.0,0.0,0.0,0.0,normal
34,78631,34,3.4,7863.1,2312.676470588235,1,1,1.0,0.0,0.0,0.0,normal
1,67,1,0.1,6.7,67.0,1,1,0.0,1.0,0.0,0.0,normal
30,4125,30,3.0,412.5,137.5,2,10,0.9,0.1,0.0,0.0,normal
3,733,3,0.3,73.3,244.33333333333334,3,1,0.0,1.0,0.0,0.0,normal
2,156,2,0.2,15.6,78.0,1,1,1.0,0.0,0.0,0.0,normal
1,54,1,0.1,5.4,54.0,1,1,1.0,0.0,0.0,0.0,normal
1,66,1,0.1,6.6,66.0,1,1,1.0,0.0,0.0,0.0,normal
61,154222,61,6.1,15422.2,2528.2295081967213,1,1,1.0,0.0,0.0,0.0,normal
40,2184,40,4.0,218.4,54.6,1,4,1.0,0.0,0.0,0.0,normal
1,54,1,0.1,5.4,54.0,1,1,1.0,0.0,0.0,0.0,normal
1,78,1,0.1,7.8,78.0,1,1,1.0,0.0,0.0,0.0,normal
1,82,1,0.1,8.2,82.0,1,1,1.0,0.0,0.0,0.0,normal
2,120,2,0.2,12.0,60.0,1,1,1.0,0.0,0.0,0.0,normal
1,54,1,0.1,5.4,54.0,1,1,1.0,0.0,0.0,0.0,normal
1,66,1,0.1,6.6,66.0,1,1,1.0,0.0,0.0,0.0,normal
3,202,3,0.3,20.2,67.33333333333333,1,3,1.0,0.0,0.0,0.0,normal
1,78,1,0.1,7.8,78.0,1,1,1.0,0.0,0.0,0.0,normal
15,28388,15,1.5,2838.8,1892.5333333333333,1,1,1.0,0.0,0.0,0.0,normal
4,2019,4,0.4,201.9,504.75,1,1,1.0,0.0,0.0,0.0,normal
1,93,1,0.1,9.3,93.0,1,1,1.0,0.0,0.0,0.0,normal
1,54,1,0.1,5.4,54.0,1,1,1.0,0.0,0.0,0.0,normal
18,3052,18,1.8,305.2,169.55555555555554,1,6,1.0,0.0,0.0,0.0,normal
3,239,3,0.3,23.9,79.66666666666667,1,1,1.0,0.0,0.0,0.0,normal
1,54,1,0.1,5.4,54.0,1,1,1.0,0.0,0.0,0.0,normal
24,17475,24,2.4,1747.5,728.125,3,1,0.6666666666666666,0.3333333333333333,0.0,0.0,normal
28,13656,28,2.8,1365.6,487.7142857142857,1,1,0.6428571428571429,0.35714285714285715,0.0,0.0,normal
1,78,1,0.1,7.8,78.0,1,1,1.0,0.0,0.0,0.0,normal
2,158,2,0.2,15.8,79.0,1,1,1.0,0.0,0.0,0.0,normal
4,288,4,0.4,28.8,72.0,1,1,1.0,0.0,0.0,0.0,normal
1,54,1,0.1,5.4,54.0,1,1,1.0,0.0,0.0,0.0,normal
1,66,1,0.1,6.6,66.0,1,1,1.0,0.0,0.0,0.0,normal
8,601,8,0.8,60.1,75.125,1,5,1.0,0.0,0.0,0.0,normal
1,54,1,0.1,5.4,54.0,1,1,1.0,0.0,0.0,0.0,normal
1,54,1,0.1,5.4,54.0,1,1,1.0,0.0,0.0,0.0,normal
1,66,1,0.1,6.6,66.0,1,1,1.0,0.0,0.0,0.0,normal
1,54,1,0.1,5.4,54.0,1,1,1.0,0.0,0.0,0.0,normal
4,228,4,0.4,22.8,57.0,1,4,1.0,0.0,0.0,0.0,normal
1,54,1,0.1,5.4,54.0,1,1,1.0,0.0,0.0,0.0,normal
1,78,1,0.1,7.8,78.0,1,1,1.0,0.0,0.0,0.0,normal
2,410,2,0.2,41.0,205.0,2,2,0.5,0.5,0.0,0.0,normal
1,362,1,0.1,36.2,362.0,1,1,0.0,1.0,0.0,0.0,normal
1,54,1,0.1,5.4,54.0,1,1,1.0,0.0,0.0,0.0,normal
1,54,1,0.1,5.4,54.0,1,1,1.0,0.0,0.0,0.0,normal
1,66,1,0.1,6.6,66.0,1,1,1.0,0.0,0.0,0.0,normal
2,120,2,0.2,12.0,60.0,1,2,1.0,0.0,0.0,0.0,normal
2,132,2,0.2,13.2,66.0,1,1,1.0,0.0,0.0,0.0,normal
5,7552,5,0.5,755.2,1510.4,1,1,1.0,0.0,0.0,0.0,normal
1,66,1,0.1,6.6,66.0,1,1,1.0,0.0,0.0,0.0,normal
1,93,1,0.1,9.3,93.0,1,1,1.0,0.0,0.0,0.0,normal
18,1907,18,1.8,190.7,105.94444444444444,3,8,0.9444444444444444,0.05555555555555555,0.0,0.0,normal
1,345,1,0.1,34.5,345.0,1,1,0.0,1.0,0.0,0.0,normal
3,239,3,0.3,23.9,79.66666666666667,1,1,1.0,0.0,0.0,0.0,normal
1,66,1,0.1,6.6,66.0,1,1,1.0,0.0,0.0,0.0,normal
4,307,4,0.4,30.7,76.75,1,1,1.0,0.0,0.0,0.0,normal
11,10439,11,1.1,1043.9,949.0,2,1,0.36363636363636365,0.6363636363636364,0.0,0.0,normal
14,7829,14,1.4,782.9,559.2142857142857,1,1,0.2857142857142857,0.7142857142857143,0.0,0.0,normal
1,78,1,0.1,7.8,78.0,1,1,1.0,0.0,0.0,0.0,normal
2,158,2,0.2,15.8,79.0,1,1,1.0,0.0,0.0,0.0,normal
1,54,1,0.1,5.4,54.0,1,1,1.0,0.0,0.0,0.0,normal
1,66,1,0.1,6.6,66.0,1,1,1.0,0.0,0.0,0.0,normal
1,67,1,0.1,6.7,67.0,1,1,0.0,1.0,0.0,0.0,normal
5,387,5,0.5,38.7,77.4,1,5,0.8,0.2,0.0,0.0,normal
1,54,1,0.1,5.4,54.0,1,1,1.0,0.0,0.0,0.0,normal
1,54,1,0.1,5.4,54.0,1,1,1.0,0.0,0.0,0.0,normal
1,66,1,0.1,6.6,66.0,1,1,1.0,0.0,0.0,0.0,normal
1,54,1,0.1,5.4,54.0,1,1,1.0,0.0,0.0,0.0,normal
5,458,5,0.5,45.8,91.6,2,5,0.8,0.2,0.0,0.0,normal
1,54,1,0.1,5.4,54.0,1,1,1.0,0.0,0.0,0.0,normal
1,230,1,0.1,23.0,230.0,1,1,0.0,1.0,0.0,0.0,normal
2,132,2,0.2,13.2,66.0,1,1,1.0,0.0,0.0,0.0,normal
1,54,1,0.1,5.4,54.0,1,1,1.0,0.0,0.0,0.0,normal
1,66,1,0.1,6.6,66.0,1,1,1.0,0.0,0.0,0.0,normal
3,202,3,0.3,20.2,67.33333333333333,1,3,1.0,0.0,0.0,0.0,normal
2,132,2,0.2,13.2,66.0,1,1,1.0,0.0,0.0,0.0,normal
5,7604,5,0.5,760.4,1520.8,1,1,1.0,0.0,0.0,0.0,normal
1,66,1,0.1,6.6,66.0,1,1,1.0,0.0,0.0,0.0,normal
1,93,1,0.1,9.3,93.0,1,1,1.0,0.0,0.0,0.0,normal
9,1259,9,0.9,125.9,139.88888888888889,1,5,1.0,0.0,0.0,0.0,normal
3,239,3,0.3,23.9,79.66666666666667,1,1,1.0,0.0,0.0,0.0,normal
12,8549,12,1.2,854.9,712.4166666666666,2,1,0.3333333333333333,0.6666666666666666,0.0,0.0,normal
14,7436,14,1.4,743.6,531.1428571428571,1,1,0.2857142857142857,0.7142857142857143,0.0,0.0,normal
2,132,2,0.2,13.2,66.0,1,1,1.0,0.0,0.0,0.0,normal
2,158,2,0.2,15.8,79.0,1,1,1.0,0.0,0.0,0.0,normal
5,1962,5,0.5,196.2,392.4,1,1,1.0,0.0,0.0,0.0,normal
5,1962,5,0.5,196.2,392.4,1,1,1.0,0.0,0.0,0.0,normal
1,54,1,0.1,5.4,54.0,1,1,1.0,0.0,0.0,0.0,normal
1,66,1,0.1,6.6,66.0,1,1,1.0,0.0,0.0,0.0,normal
16,5335,16,1.6,533.5,333.4375,1,1,1.0,0.0,0.0,0.0,normal
1,67,1,0.1,6.7,67.0,1,1,0.0,1.0,0.0,0.0,normal
40,9966,40,4.0,996.6,249.15,2,9,0.95,0.05,0.0,0.0,normal
1,118,1,0.1,11.8,118.0,1,1,0.0,1.0,0.0,0.0,normal
2,144,2,0.2,14.4,72.0,1,1,1.0,0.0,0.0,0.0,normal
11,12466,11,1.1,1246.6,1133.2727272727273,1,1,1.0,0.0,0.0,0.0,normal
714,45092,714,71.4,4509.2,63.15406162464986,2,1,1.0,0.0,0.0,0.0,normal
1,66,1,0.1,6.6,66.0,1,1,1.0,0.0,0.0,0.0,normal
17,7413,17,1.7,741.3,436.05882352941177,1,1,1.0,0.0,0.0,0.0,normal
16,17066,16,1.6,1706.6,1066.625,1,1,1.0,0.0,0.0,0.0,normal
1,54,1,0.1,5.4,54.0,1,1,1.0,0.0,0.0,0.0,normal
179,1708294,179,17.9,170829.4,9543.541899441341,2,8,0.9608938547486033,0.03910614525139665,0.0,0.0,normal
7,1633,7,0.7,163.3,233.28571428571428,7,1,0.0,1.0,0.0,0.0,normal
1,54,1,0.1,5.4,54.0,1,1,1.0,0.0,0.0,0.0,normal
2,132,2,0.2,13.2,66.0,1,1,1.0,0.0,0.0,0.0,normal
6,6483,6,0.6,648.3,1080.5,1,1,1.0,0.0,0.0,0.0,normal
10,1082,10,1.0,108.2,108.2,1,1,1.0,0.0,0.0,0.0,normal
11,5362,11,1.1,536.2,487.45454545454544,1,3,1.0,0.0,0.0,0.0,normal
503,29297,503,50.3,2929.7,58.24453280318092,2,1,1.0,0.0,0.0,0.0,normal
1,66,1,0.1,6.6,66.0,1,1,1.0,0.0,0.0,0.0,normal
98,6624,98,9.8,662.4,67.59183673469387,1,1,1.0,0.0,0.0,0.0,normal
253,1922654,253,25.3,192265.4,7599.422924901186,1,3,1.0,0.0,0.0,0.0,normal
2,132,2,0.2,13.2,66.0,1,1,1.0,0.0,0.0,0.0,normal
461,30847,461,46.1,3084.7,66.91323210412148,2,1,1.0,0.0,0.0,0.0,normal
5,7673,5,0.5,767.3,1534.6,1,1,1.0,0.0,0.0,0.0,normal
796,53542,796,79.6,5354.2,67.26381909547739,1,1,1.0,0.0,0.0,0.0,normal
1,66,1,0.1,6.6,66.0,1,1,1.0,0.0,0.0,0.0,normal
853,3649150,853,85.3,364915.0,4278.0187573270805,1,6,1.0,0.0,0.0,0.0,normal
3,239,3,0.3,23.9,79.66666666666667,1,1,1.0,0.0,0.0,0.0,normal
505,30012,505,50.5,3001.2,59.42970297029703,1,1,1.0,0.0,0.0,0.0,normal
973,65706,973,97.3,6570.6,67.52929085303187,1,1,1.0,0.0,0.0,0.0,normal
2,687,2,0.2,68.7,343.5,1,1,1.0,0.0,0.0,0.0,normal
12,9751,12,1.2,975.1,812.5833333333334,2,1,0.3333333333333333,0.6666666666666666,0.0,0.0,normal
896,4427012,896,89.6,442701.2,4940.861607142857,1,4,0.9899553571428571,0.010044642857142858,0.0,0.0,normal
2,132,2,0.2,13.2,66.0,1,1,1.0,0.0,0.0,0.0,normal
24,14447,24,2.4,1444.7,601.9583333333334,2,1,1.0,0.0,0.0,0.0,normal
2,158,2,0.2,15.8,79.0,1,1,1.0,0.0,0.0,0.0,normal
2,171,2,0.2,17.1,85.5,1,1,1.0,0.0,0.0,0.0,normal
2,171,2,0.2,17.1,85.5,1,1,1.0,0.0,0.0,0.0,normal
654,53413,654,65.4,5341.3,81.67125382262996,2,1,1.0,0.0,0.0,0.0,normal
1,66,1,0.1,6.6,66.0,1,1,1.0,0.0,0.0,0.0,normal
596,40168,596,59.6,4016.8,67.39597315436242,1,1,1.0,0.0,0.0,0.0,normal
13,4061,13,1.3,406.1,312.38461538461536,1,1,1.0,0.0,0.0,0.0,normal
1,67,1,0.1,6.7,67.0,1,1,0.0,1.0,0.0,0.0,normal
626,4040734,626,62.6,404073.4,6454.846645367412,1,10,0.9984025559105432,0.001597444089456869,0.0,0.0,normal
917,55999,917,91.7,5599.9,61.06761177753544,2,1,1.0,0.0,0.0,0.0,normal
1,66,1,0.1,6.6,66.0,1,1,1.0,0.0,0.0,0.0,normal
1122,75858,1122,112.2,7585.8,67.6096256684492,1,1,1.0,0.0,0.0,0.0,normal
1,66,1,0.1,6.6,66.0,1,1,1.0,0.0,0.0,0.0,normal
1,54,1,0.1,5.4,54.0,1,1,1.0,0.0,0.0,0.0,normal
770,6216124,770,77.0,621612.4,8072.888311688312,1,6,1.0,0.0,0.0,0.0,normal
1,54,1,0.1,5.4,54.0,1,1,1.0,0.0,0.0,0.0,normal
2,132,2,0.2,13.2,66.0,1,1,1.0,0.0,0.0,0.0,normal
1132,63441,1132,113.2,6344.1,56.043286219081274,1,1,1.0,0.0,0.0,0.0,normal
580,38847,580,58.0,3884.7,66.97758620689655,1,1,1.0,0.0,0.0,0.0,normal
1264,4874993,1264,126.4,487499.3,3856.7982594936707,1,3,1.0,0.0,0.0,0.0,normal
790,46148,790,79.0,4614.8,58.415189873417724,2,1,1.0,0.0,0.0,0.0,normal
1,66,1,0.1,6.6,66.0,1,1,1.0,0.0,0.0,0.0,normal
548,37332,548,54.8,3733.2,68.12408759124088,1,1,1.0,0.0,0.0,0.0,normal
734,3704029,734,73.4,370402.9,5046.361035422344,1,3,1.0,0.0,0.0,0.0,normal
2,132,2,0.2,13.2,66.0,1,1,1.0,0.0,0.0,0.0,normal
607,37035,607,60.7,3703.5,61.01317957166392,2,1,1.0,0.0,0.0,0.0,normal
5,7729,5,0.5,772.9,1545.8,1,1,1.0,0.0,0.0,0.0,normal
661,44512,661,66.1,4451.2,67.34039334341907,1,1,1.0,0.0,0.0,0.0,normal
2,132,2,0.2,13.2,66.0,1,1,1.0,0.0,0.0,0.0,normal
909,3518285,909,90.9,351828.5,3870.5005500550055,1,6,1.0,0.0,0.0,0.0,normal
3,239,3,0.3,23.9,79.66666666666667,1,1,1.0,0.0,0.0,0.0,normal
910,52513,910,91.0,5251.3,57.706593406593406,1,1,1.0,0.0,0.0,0.0,normal
1313,87629,1313,131.3,8762.9,66.73952779893374,1,1,1.0,0.0,0.0,0.0,normal
10,2787,10,1.0,278.7,278.7,1,1,1.0,0.0,0.0,0.0,normal
10,7243,10,1.0,724.3,724.3,2,1,0.3,0.7,0.0,0.0,normal
1403,6511172,1403,140.3,651117.2,4640.892373485389,2,5,0.992872416250891,0.007127583749109052,0.0,0.0,normal
3,749,3,0.3,74.9,249.66666666666666,3,1,0.0,1.0,0.0,0.0,normal
2,132,2,0.2,13.2,66.0,1,1,1.0,0.0,0.0,0.0,normal
2,171,2,0.2,17.1,85.5,1,1,1.0,0.0,0.0,0.0,normal
2,158,2,0.2,15.8,79.0,1,1,1.0,0.0,0.0,0.0,normal
2,171,2,0.2,17.1,85.5,1,1,1.0,0.0,0.0,0.0,normal
2,171,2,0.2,17.1,85.5,1,1,1.0,0.0,0.0,0.0,normal
967,54584,967,96.7,5458.4,56.446742502585316,2,1,1.0,0.0,0.0,0.0,normal
1,66,1,0.1,6.6,66.0,1,1,1.0,0.0,0.0,0.0,normal
1043,70167,1043,104.3,7016.7,67.27420901246404,1,1,1.0,0.0,0.0,0.0,normal
1,67,1,0.1,6.7,67.0,1,1,0.0,1.0,0.0,0.0,normal
1169,5522472,1169,116.9,552247.2,4724.099230111206,1,10,0.9991445680068435,0.000855431993156544,0.0,0.0,normal
2,156,2,0.2,15.6,78.0,1,1,1.0,0.0,0.0,0.0,normal
1,66,1,0.1,6.6,66.0,1,1,1.0,0.0,0.0,0.0,normal
578,32990,578,57.8,3299.0,57.07612456747405,1,1,1.0,0.0,0.0,0.0,normal
1,66,1,0.1,6.6,66.0,1,1,1.0,0.0,0.0,0.0,normal
532,36208,532,53.2,3620.8,68.06015037593986,1,1,1.0,0.0,0.0,0.0,normal
96,280369,96,9.6,28036.9,2920.5104166666665,1,1,1.0,0.0,0.0,0.0,normal
673,3397167,673,67.3,339716.7,5047.796433878158,2,7,0.9970282317979198,0.0029717682020802376,0.0,0.0,normal
2,244,2,0.2,24.4,122.0,2,1,0.0,1.0,0.0,0.0,normal
1,54,1,0.1,5.4,54.0,1,1,1.0,0.0,0.0,0.0,normal
1,78,1,0.1,7.8,78.0,1,1,1.0,0.0,0.0,0.0,normal
1166,69167,1166,116.6,6916.7,59.31989708404803,2,1,1.0,0.0,0.0,0.0,normal
669,44975,669,66.9,4497.5,67.2272047832586,1,1,1.0,0.0,0.0,0.0,normal
1048,5375870,1048,104.8,537587.0,5129.646946564885,1,3,1.0,0.0,0.0,0.0,normal
1,54,1,0.1,5.4,54.0,1,1,1.0,0.0,0.0,0.0,normal
9,7629,9,0.9,762.9,847.6666666666666,2,1,1.0,0.0,0.0,0.0,normal
1,66,1,0.1,6.6,66.0,1,1,1.0,0.0,0.0,0.0,normal
601,40250,601,60.1,4025.0,66.97171381031615,1,1,1.0,0.0,0.0,0.0,normal
377,1659388,377,37.7,165938.8,4401.559681697613,1,3,1.0,0.0,0.0,0.0,normal
2,132,2,0.2,13.2,66.0,1,1,1.0,0.0,0.0,0.0,normal
5,7671,5,0.5,767.1,1534.2,1,1,1.0,0.0,0.0,0.0,normal
1,66,1,0.1,6.6,66.0,1,1,1.0,0.0,0.0,0.0,normal
1,230,1,0.1,23.0,230.0,1,1,0.0,1.0,0.0,0.0,normal
8,1342,8,0.8,134.2,167.75,2,5,0.875,0.125,0.0,0.0,normal
3,239,3,0.3,23.9,79.66666666666667,1,1,1.0,0.0,0.0,0.0,normal
1,66,1,0.1,6.6,66.0,1,1,1.0,0.0,0.0,0.0,normal
1,93,1,0.1,9.3,93.0,1,1,1.0,0.0,0.0,0.0,normal
12,8561,12,1.2,856.1,713.4166666666666,2,1,0.3333333333333333,0.6666666666666666,0.0,0.0,normal
1,230,1,0.1,23.0,230.0,1,1,0.0,1.0,0.0,0.0,normal
18,7907,18,1.8,790.7,439.27777777777777,2,5,0.5,0.5,0.0,0.0,normal
2,132,2,0.2,13.2,66.0,1,1,1.0,0.0,0.0,0.0,normal
5,432,5,0.5,43.2,86.4,1,1,1.0,0.0,0.0,0.0,normal
2,158,2,0.2,15.8,79.0,1,1,1.0,0.0,0.0,0.0,normal
4,288,4,0.4,28.8,72.0,1,1,1.0,0.0,0.0,0.0,normal
4,288,4,0.4,28.8,72.0,1,1,1.0,0.0,0.0,0.0,normal
1022,60782,1022,102.2,6078.2,59.47358121330724,1,1,1.0,0.0,0.0,0.0,normal
4,1608,4,0.4,160.8,402.0,2,1,1.0,0.0,0.0,0.0,normal
13,28125,13,1.3,2812.5,2163.4615384615386,1,1,1.0,0.0,0.0,0.0,normal
159,10564,159,15.9,1056.4,66.44025157232704,1,1,1.0,0.0,0.0,0.0,normal
1,67,1,0.1,6.7,67.0,1,1,0.0,1.0,0.0,0.0,normal
310,2076032,310,31.0,207603.2,6696.877419354839,2,11,0.9903225806451613,0.00967741935483871,0.0,0.0,normal
2,538,2,0.2,53.8,269.0,2,1,0.0,1.0,0.0,0.0,normal
7,2842,7,0.7,284.2,406.0,1,1,1.0,0.0,0.0,0.0,normal
501,28092,501,50.1,2809.2,56.07185628742515,1,1,1.0,0.0,0.0,0.0,normal
1000,67305,1000,100.0,6730.5,67.305,1,1,1.0,0.0,0.0,0.0,normal
1,54,1,0.1,5.4,54.0,1,1,1.0,0.0,0.0,0.0,normal
708,4504241,708,70.8,450424.1,6361.922316384181,1,5,1.0,0.0,0.0,0.0,normal
1,54,1,0.1,5.4,54.0,1,1,1.0,0.0,0.0,0.0,normal
2,132,2,0.2,13.2,66.0,1,1,1.0,0.0,0.0,0.0,normal
16,23812,16,1.6,2381.2,1488.25,2,1,1.0,0.0,0.0,0.0,normal
1,66,1,0.1,6.6,66.0,1,1,1.0,0.0,0.0,0.0,normal
12,1308,12,1.2,130.8,109.0,1,3,1.0,0.0,0.0,0.0,normal
604,59299,604,60.4,5929.9,98.1771523178808,2,1,1.0,0.0,0.0,0.0,normal
1,66,1,0.1,6.6,66.0,1,1,1.0,0.0,0.0,0.0,normal
704,47307,704,70.4,4730.7,67.19744318181819,1,1,1.0,0.0,0.0,0.0,normal
874,3657207,874,87.4,365720.7,4184.4473684210525,2,4,0.9988558352402745,0.0011441647597254005,0.0,0.0,normal
1,230,1,0.1,23.0,230.0,1,1,0.0,1.0,0.0,0.0,normal
2,132,2,0.2,13.2,66.0,1,1,1.0,0.0,0.0,0.0,normal
74,11735,74,7.4,1173.5,158.5810810810811,1,1,1.0,0.0,0.0,0.0,normal
5,7608,5,0.5,760.8,1521.6,1,1,1.0,0.0,0.0,0.0,normal
103,7621,103,10.3,762.1,73.99029126213593,1,1,1.0,0.0,0.0,0.0,normal
169,361976,169,16.9,36197.6,2141.869822485207,3,8,0.9940828402366864,0.005917159763313609,0.0,0.0,normal
1,345,1,0.1,34.5,345.0,1,1,0.0,1.0,0.0,0.0,normal
3,239,3,0.3,23.9,79.66666666666667,1,1,1.0,0.0,0.0,0.0,normal
4,307,4,0.4,30.7,76.75,1,1,1.0,0.0,0.0,0.0,normal
1,66,1,0.1,6.6,66.0,1,1,1.0,0.0,0.0,0.0,normal
42,5920,42,4.2,592.0,140.95238095238096,2,1,1.0,0.0,0.0,0.0,normal
160,11522,160,16.0,1152.2,72.0125,1,1,1.0,0.0,0.0,0.0,normal
1,93,1,0.1,9.3,93.0,1,1,1.0,0.0,0.0,0.0,normal
12,10442,12,1.2,1044.2,870.1666666666666,2,1,0.3333333333333333,0.6666666666666666,0.0,0.0,normal
194,424155,194,19.4,42415.5,2186.365979381443,1,4,0.9536082474226805,0.04639175257731959,0.0,0.0,normal
2,132,2,0.2,13.2,66.0,1,1,1.0,0.0,0.0,0.0,normal
2,158,2,0.2,15.8,79.0,1,1,1.0,0.0,0.0,0.0,normal
37,2118,37,3.7,211.8,57.24324324324324,2,1,1.0,0.0,0.0,0.0,normal
1,66,1,0.1,6.6,66.0,1,1,1.0,0.0,0.0,0.0,normal
78,5529,78,7.8,552.9,70.88461538461539,1,1,1.0,0.0,0.0,0.0,normal
1,67,1,0.1,6.7,67.0,1,1,0.0,1.0,0.0,0.0,normal
107,246245,107,10.7,24624.5,2301.355140186916,1,6,0.9906542056074766,0.009345794392523364,0.0,0.0,normal
8,4971,8,0.8,497.1,621.375,1,1,0.0,1.0,0.0,0.0,normal
29,38983,29,2.9,3898.3,1344.2413793103449,2,1,0.27586206896551724,0.7241379310344828,0.0,0.0,normal
10,7501,10,1.0,750.1,750.1,1,1,1.0,0.0,0.0,0.0,normal
7,2212,7,0.7,221.2,316.0,2,1,1.0,0.0,0.0,0.0,normal
1,66,1,0.1,6.6,66.0,1,1,1.0,0.0,0.0,0.0,normal
8,960,8,0.8,96.0,120.0,1,1,1.0,0.0,0.0,0.0,normal
26,7293,26,2.6,729.3,280.5,3,1,1.0,0.0,0.0,0.0,normal
35,11967,35,3.5,1196.7,341.9142857142857,1,1,1.0,0.0,0.0,0.0,normal
1,54,1,0.1,5.4,54.0,1,1,1.0,0.0,0.0,0.0,normal
126,39726,126,12.6,3972.6,315.2857142857143,2,11,0.7777777777777778,0.2222222222222222,0.0,0.0,normal
1,118,1,0.1,11.8,118.0,1,1,0.0,1.0,0.0,0.0,normal
1,54,1,0.1,5.4,54.0,1,1,1.0,0.0,0.0,0.0,normal
1,78,1,0.1,7.8,78.0,1,1,1.0,0.0,0.0,0.0,normal
7,11088,7,0.7,1108.8,1584.0,1,1,0.0,1.0,0.0,0.0,normal
1,54,1,0.1,5.4,54.0,1,1,1.0,0.0,0.0,0.0,normal
4,295,4,0.4,29.5,73.75,1,3,0.5,0.5,0.0,0.0,normal
1,54,1,0.1,5.4,54.0,1,1,1.0,0.0,0.0,0.0,normal
1,66,1,0.1,6.6,66.0,1,1,1.0,0.0,0.0,0.0,normal
1,66,1,0.1,6.6,66.0,1,1,1.0,0.0,0.0,0.0,normal
2,132,2,0.2,13.2,66.0,1,1,1.0,0.0,0.0,0.0,normal
6,7632,6,0.6,763.2,1272.0,1,1,1.0,0.0,0.0,0.0,normal
1,66,1,0.1,6.6,66.0,1,1,1.0,0.0,0.0,0.0,normal
1,66,1,0.1,6.6,66.0,1,1,1.0,0.0,0.0,0.0,normal
9,1232,9,0.9,123.2,136.88888888888889,1,5,1.0,0.0,0.0,0.0,normal
3,239,3,0.3,23.9,79.66666666666667,1,1,1.0,0.0,0.0,0.0,normal
168,15576,168,16.8,1557.6,92.71428571428571,1,1,1.0,0.0,0.0,0.0,normal
146,9936,146,14.6,993.6,68.05479452054794,1,1,1.0,0.0,0.0,0.0,normal
14,9836,14,1.4,983.6,702.5714285714286,2,1,0.2857142857142857,0.7142857142857143,0.0,0.0,normal
293,720228,293,29.3,72022.8,2458.1160409556314,1,3,0.9692832764505119,0.030716723549488054,0.0,0.0,normal
2,132,2,0.2,13.2,66.0,1,1,1.0,0.0,0.0,0.0,normal
2,158,2,0.2,15.8,79.0,1,1,1.0,0.0,0.0,0.0,normal
99,15786,99,9.9,1578.6,159.45454545454547,1,1,1.0,0.0,0.0,0.0,normal
1,66,1,0.1,6.6,66.0,1,1,1.0,0.0,0.0,0.0,normal
311,21467,311,31.1,2146.7,69.02572347266882,1,1,1.0,0.0,0.0,0.0,normal
1,67,1,0.1,6.7,67.0,1,1,0.0,1.0,0.0,0.0,normal
315,958354,315,31.5,95835.4,3042.393650793651,1,6,0.9968253968253968,0.0031746031746031746,0.0,0.0,normal
2,147,2,0.2,14.7,73.5,1,1,1.0,0.0,0.0,0.0,normal
3,240,3,0.3,24.0,80.0,1,1,1.0,0.0,0.0,0.0,normal
1,66,1,0.1,6.6,66.0,1,1,1.0,0.0,0.0,0.0,normal
9,1038,9,0.9,103.8,115.33333333333333,1,1,1.0,0.0,0.0,0.0,normal
1,93,1,0.1,9.3,93.0,1,1,1.0,0.0,0.0,0.0,normal
1,93,1,0.1,9.3,93.0,1,1,1.0,0.0,0.0,0.0,normal
1,54,1,0.1,5.4,54.0,1,1,1.0,0.0,0.0,0.0,normal
17,5832,17,1.7,583.2,343.05882352941177,2,9,0.9411764705882353,0.058823529411764705,0.0,0.0,normal
1,489,1,0.1,48.9,489.0,1,1,0.0,1.0,0.0,0.0,normal
1,54,1,0.1,5.4,54.0,1,1,1.0,0.0,0.0,0.0,normal
1,78,1,0.1,7.8,78.0,1,1,1.0,0.0,0.0,0.0,normal
11,6990,11,1.1,699.0,635.4545454545455,1,1,1.0,0.0,0.0,0.0,normal
51,4891,51,5.1,489.1,95.90196078431373,1,1,1.0,0.0,0.0,0.0,normal
99,7279,99,9.9,727.9,73.52525252525253,1,1,1.0,0.0,0.0,0.0,normal
146,329668,146,14.6,32966.8,2258.0,2,6,0.9726027397260274,0.0273972602739726,0.0,0.0,normal
4,748,4,0.4,74.8,187.0,4,1,0.0,1.0,0.0,0.0,normal
17,16926,17,1.7,1692.6,995.6470588235294,1,1,1.0,0.0,0.0,0.0,normal
1,54,1,0.1,5.4,54.0,1,1,1.0,0.0,0.0,0.0,normal
1,54,1,0.1,5.4,54.0,1,1,1.0,0.0,0.0,0.0,normal
1,54,1,0.1,5.4,54.0,1,1,1.0,0.0,0.0,0.0,normal
1,66,1,0.1,6.6,66.0,1,1,1.0,0.0,0.0,0.0,normal
3,174,3,0.3,17.4,58.0,1,3,1.0,0.0,0.0,0.0,normal
1,78,1,0.1,7.8,78.0,1,1,1.0,0.0,0.0,0.0,normal
5,7700,5,0.5,770.0,1540.0,1,1,1.0,0.0,0.0,0.0,normal
1,66,1,0.1,6.6,66.0,1,1,1.0,0.0,0.0,0.0,normal
8,1166,8,0.8,116.6,145.75,1,4,1.0,0.0,0.0,0.0,normal
3,239,3,0.3,23.9,79.66666666666667,1,1,1.0,0.0,0.0,0.0,normal
1,54,1,0.1,5.4,54.0,1,1,1.0,0.0,0.0,0.0,normal
1,54,1,0.1,5.4,54.0,1,1,1.0,0.0,0.0,0.0,normal
46,2484,46,4.6,248.4,54.0,1,1,1.0,0.0,0.0,0.0,normal
1,66,1,0.1,6.6,66.0,1,1,1.0,0.0,0.0,0.0,normal
13,9797,13,1.3,979.7,753.6153846153846,2,1,0.3076923076923077,0.6923076923076923,0.0,0.0,normal
64,115114,64,6.4,11511.4,1798.65625,1,5,0.84375,0.15625,0.0,0.0,normal
1,54,1,0.1,5.4,54.0,1,1,1.0,0.0,0.0,0.0,normal
2,132,2,0.2,13.2,66.0,1,1,1.0,0.0,0.0,0.0,normal
2,158,2,0.2,15.8,79.0,1,1,1.0,0.0,0.0,0.0,normal
1,54,1,0.1,5.4,54.0,1,1,1.0,0.0,0.0,0.0,normal
108,12371,108,10.8,1237.1,114.54629629629629,1,1,1.0,0.0,0.0,0.0,normal
1,66,1,0.1,6.6,66.0,1,1,1.0,0.0,0.0,0.0,normal
180,12493,180,18.0,1249.3,69.40555555555555,1,1,1.0,0.0,0.0,0.0,normal
1,67,1,0.1,6.7,67.0,1,1,0.0,1.0,0.0,0.0,normal
226,642777,226,22.6,64277.7,2844.146017699115,1,7,0.995575221238938,0.004424778761061947,0.0,0.0,normal
1,93,1,0.1,9.3,93.0,1,1,1.0,0.0,0.0,0.0,normal
2,147,2,0.2,14.7,73.5,1,1,1.0,0.0,0.0,0.0,normal
116,13265,116,11.6,1326.5,114.35344827586206,1,1,1.0,0.0,0.0,0.0,normal
1,66,1,0.1,6.6,66.0,1,1,1.0,0.0,0.0,0.0,normal
209,14452,209,20.9,1445.2,69.14832535885168,1,1,1.0,0.0,0.0,0.0,normal
1,93,1,0.1,9.3,93.0,1,1,1.0,0.0,0.0,0.0,normal
1,93,1,0.1,9.3,93.0,1,1,1.0,0.0,0.0,0.0,normal
1,54,1,0.1,5.4,54.0,1,1,1.0,0.0,0.0,0.0,normal
325,759473,325,32.5,75947.3,2336.84,1,9,1.0,0.0,0.0,0.0,normal
1,54,1,0.1,5.4,54.0,1,1,1.0,0.0,0.0,0.0,normal
1,78,1,0.1,7.8,78.0,1,1,1.0,0.0,0.0,0.0,normal
1,54,1,0.1,5.4,54.0,1,1,1.0,0.0,0.0,0.0,normal
128,17894,128,12.8,1789.4,139.796875,1,1,1.0,0.0,0.0,0.0,normal
254,17812,254,25.4,1781.2,70.1259842519685,1,1,1.0,0.0,0.0,0.0,normal
327,859452,327,32.7,85945.2,2628.293577981651,1,5,1.0,0.0,0.0,0.0,normal
1,54,1,0.1,5.4,54.0,1,1,1.0,0.0,0.0,0.0,normal
1,54,1,0.1,5.4,54.0,1,1,1.0,0.0,0.0,0.0,normal
1,54,1,0.1,5.4,54.0,1,1,1.0,0.0,0.0,0.0,normal
1,66,1,0.1,6.6,66.0,1,1,1.0,0.0,0.0,0.0,normal
7,860,7,0.7,86.0,122.85714285714286,1,1,1.0,0.0,0.0,0.0,normal
6,3118,6,0.6,311.8,519.6666666666666,1,3,1.0,0.0,0.0,0.0,normal
2,132,2,0.2,13.2,66.0,1,1,1.0,0.0,0.0,0.0,normal
6,7660,6,0.6,766.0,1276.6666666666667,1,1,1.0,0.0,0.0,0.0,normal
8,1166,8,0.8,116.6,145.75,1,4,1.0,0.0,0.0,0.0,normal
3,239,3,0.3,23.9,79.66666666666667,1,1,1.0,0.0,0.0,0.0,normal
1,54,1,0.1,5.4,54.0,1,1,1.0,0.0,0.0,0.0,normal
55,6325,55,5.5,632.5,115.0,1,1,1.0,0.0,0.0,0.0,normal
1,66,1,0.1,6.6,66.0,1,1,1.0,0.0,0.0,0.0,normal
93,6173,93,9.3,617.3,66.3763440860215,1,1,1.0,0.0,0.0,0.0,normal
10,2787,10,1.0,278.7,278.7,1,1,1.0,0.0,0.0,0.0,normal
12,8562,12,1.2,856.2,713.5,2,1,0.3333333333333333,0.6666666666666666,0.0,0.0,normal
163,381772,163,16.3,38177.2,2342.159509202454,2,8,0.9141104294478528,0.08588957055214724,0.0,0.0,normal
4,955,4,0.4,95.5,238.75,4,1,0.0,1.0,0.0,0.0,normal
2,108,2,0.2,10.8,54.0,1,1,1.0,0.0,0.0,0.0,normal
2,132,2,0.2,13.2,66.0,1,1,1.0,0.0,0.0,0.0,normal
2,158,2,0.2,15.8,79.0,1,1,1.0,0.0,0.0,0.0,normal
2,108,2,0.2,10.8,54.0,1,1,1.0,0.0,0.0,0.0,normal
4,240,4,0.4,24.0,60.0,1,1,1.0,0.0,0.0,0.0,normal
1,54,1,0.1,5.4,54.0,1,1,1.0,0.0,0.0,0.0,normal
1,66,1,0.1,6.6,66.0,1,1,1.0,0.0,0.0,0.0,normal
2,108,2,0.2,10.8,54.0,1,1,1.0,0.0,0.0,0.0,normal
1,230,1,0.1,23.0,230.0,1,1,0.0,1.0,0.0,0.0,normal
22,1787,22,2.2,178.7,81.22727272727273,2,10,0.9545454545454546,0.045454545454545456,0.0,0.0,normal
2,120,2,0.2,12.0,60.0,1,1,1.0,0.0,0.0,0.0,normal
1,66,1,0.1,6.6,66.0,1,1,1.0,0.0,0.0,0.0,normal
9,5382,9,0.9,538.2,598.0,1,1,1.0,0.0,0.0,0.0,normal
174,15585,174,17.4,1558.5,89.56896551724138,1,1,1.0,0.0,0.0,0.0,normal
13,4093,13,1.3,409.3,314.84615384615387,1,1,1.0,0.0,0.0,0.0,normal
55,269897,55,5.5,26989.7,4907.218181818182,1,1,1.0,0.0,0.0,0.0,normal
1,67,1,0.1,6.7,67.0,1,1,0.0,1.0,0.0,0.0,normal
230,447790,230,23.0,44779.0,1946.9130434782608,2,9,0.9869565217391304,0.013043478260869565,0.0,0.0,normal
2,244,2,0.2,24.4,122.0,2,1,0.0,1.0,0.0,0.0,normal
13,2617,13,1.3,261.7,201.30769230769232,2,1,1.0,0.0,0.0,0.0,normal
1,54,1,0.1,5.4,54.0,1,1,1.0,0.0,0.0,0.0,normal
2,132,2,0.2,13.2,66.0,1,1,1.0,0.0,0.0,0.0,normal
1,54,1,0.1,5.4,54.0,1,1,1.0,0.0,0.0,0.0,normal
208,24710,208,20.8,2471.0,118.79807692307692,1,1,1.0,0.0,0.0,0.0,normal
1,66,1,0.1,6.6,66.0,1,1,1.0,0.0,0.0,0.0,normal
1,66,1,0.1,6.6,66.0,1,1,1.0,0.0,0.0,0.0,normal
145,482588,145,14.5,48258.8,3328.193103448276,1,5,1.0,0.0,0.0,0.0,normal
1,54,1,0.1,5.4,54.0,1,1,1.0,0.0,0.0,0.0,normal
1,81,1,0.1,8.1,81.0,1,1,1.0,0.0,0.0,0.0,normal
1,66,1,0.1,6.6,66.0,1,1,1.0,0.0,0.0,0.0,normal
3,174,3,0.3,17.4,58.0,1,3,1.0,0.0,0.0,0.0,normal
2,132,2,0.2,13.2,66.0,1,1,1.0,0.0,0.0,0.0,normal
7,7880,7,0.7,788.0,1125.7142857142858,1,1,1.0,0.0,0.0,0.0,normal
2,120,2,0.2,12.0,60.0,1,1,1.0,0.0,0.0,0.0,normal
242,16728,242,24.2,1672.8,69.12396694214875,1,1,1.0,0.0,0.0,0.0,normal
256,604491,256,25.6,60449.1,2361.29296875,1,5,1.0,0.0,0.0,0.0,normal
3,239,3,0.3,23.9,79.66666666666667,1,1,1.0,0.0,0.0,0.0,normal
1,54,1,0.1,5.4,54.0,1,1,1.0,0.0,0.0,0.0,normal
73,4098,73,7.3,409.8,56.136986301369866,1,1,1.0,0.0,0.0,0.0,normal
350,23583,350,35.0,2358.3,67.38,1,1,1.0,0.0,0.0,0.0,normal
12,9757,12,1.2,975.7,813.0833333333334,2,1,0.3333333333333333,0.6666666666666666,0.0,0.0,normal
366,1085850,366,36.6,108585.0,2966.8032786885246,1,4,0.9754098360655737,0.02459016393442623,0.0,0.0,normal
2,132,2,0.2,13.2,66.0,1,1,1.0,0.0,0.0,0.0,normal
17,9949,17,1.7,994.9,585.2352941176471,2,1,1.0,0.0,0.0,0.0,normal
5,395,5,0.5,39.5,79.0,1,1,1.0,0.0,0.0,0.0,normal
1,54,1,0.1,5.4,54.0,1,1,1.0,0.0,0.0,0.0,normal
77,8356,77,7.7,835.6,108.51948051948052,1,1,1.0,0.0,0.0,0.0,normal
210,14646,210,21.0,1464.6,69.74285714285715,1,1,1.0,0.0,0.0,0.0,normal
17,5466,17,1.7,546.6,321.52941176470586,1,1,1.0,0.0,0.0,0.0,normal
285,708660,285,28.5,70866.0,2486.5263157894738,2,8,0.9964912280701754,0.0035087719298245615,0.0,0.0,normal
1,118,1,0.1,11.8,118.0,1,1,0.0,1.0,0.0,0.0,normal
2,154,2,0.2,15.4,77.0,1,1,1.0,0.0,0.0,0.0,normal
90,44976,90,9.0,4497.6,499.73333333333335,3,1,1.0,0.0,0.0,0.0,normal
116,8474,116,11.6,847.4,73.05172413793103,1,1,1.0,0.0,0.0,0.0,normal
1,54,1,0.1,5.4,54.0,1,1,1.0,0.0,0.0,0.0,normal
1,67,1,0.1,6.7,67.0,1,1,0.0,1.0,0.0,0.0,normal
137,442220,137,13.7,44222.0,3227.883211678832,2,8,0.9781021897810219,0.021897810218978103,0.0,0.0,normal
2,538,2,0.2,53.8,269.0,2,1,0.0,1.0,0.0,0.0,normal
2,147,2,0.2,14.7,73.5,1,1,1.0,0.0,0.0,0.0,normal
1,54,1,0.1,5.4,54.0,1,1,1.0,0.0,0.0,0.0,normal
2,132,2,0.2,13.2,66.0,1,1,1.0,0.0,0.0,0.0,normal
1,54,1,0.1,5.4,54.0,1,1,1.0,0.0,0.0,0.0,normal
2,108,2,0.2,10.8,54.0,2,1,1.0,0.0,0.0,0.0,normal
4,244,4,0.4,24.4,61.0,1,3,1.0,0.0,0.0,0.0,normal
155,13292,155,15.5,1329.2,85.75483870967741,2,1,1.0,0.0,0.0,0.0,normal
211,14439,211,21.1,1443.9,68.43127962085308,1,1,1.0,0.0,0.0,0.0,normal
324,902983,324,32.4,90298.3,2786.9845679012346,1,2,1.0,0.0,0.0,0.0,normal
2,132,2,0.2,13.2,66.0,1,1,1.0,0.0,0.0,0.0,normal
1,54,1,0.1,5.4,54.0,1,1,1.0,0.0,0.0,0.0,normal
18,23391,18,1.8,2339.1,1299.5,2,1,1.0,0.0,0.0,0.0,normal
26,2553,26,2.6,255.3,98.1923076923077,1,1,1.0,0.0,0.0,0.0,normal
4,307,4,0.4,30.7,76.75,1,1,1.0,0.0,0.0,0.0,normal
38,13875,38,3.8,1387.5,365.13157894736844,3,8,0.9736842105263158,0.02631578947368421,0.0,0.0,normal
1,345,1,0.1,34.5,345.0,1,1,0.0,1.0,0.0,0.0,normal
3,239,3,0.3,23.9,79.66666666666667,1,1,1.0,0.0,0.0,0.0,normal
1,66,1,0.1,6.6,66.0,1,1,1.0,0.0,0.0,0.0,normal
1,54,1,0.1,5.4,54.0,1,1,1.0,0.0,0.0,0.0,normal
12,10439,12,1.2,1043.9,869.9166666666666,2,1,0.3333333333333333,0.6666666666666666,0.0,0.0,normal
13,7323,13,1.3,732.3,563.3076923076923,1,2,0.38461538461538464,0.6153846153846154,0.0,0.0,normal
1,54,1,0.1,5.4,54.0,1,1,1.0,0.0,0.0,0.0,normal
1,54,1,0.1,5.4,54.0,1,1,1.0,0.0,0.0,0.0,normal
1,54,1,0.1,5.4,54.0,1,1,1.0,0.0,0.0,0.0,normal
7,580,7,0.7,58.0,82.85714285714286,1,4,1.0,0.0,0.0,0.0,normal
3,324,3,0.3,32.4,108.0,0,1,0.0,0.0,1.0,0.0,normal
1,54,1,0.1,5.4,54.0,1,1,1.0,0.0,0.0,0.0,normal
1,54,1,0.1,5.4,54.0,1,1,1.0,0.0,0.0,0.0,normal
2,108,2,0.2,10.8,54.0,2,1,1.0,0.0,0.0,0.0,normal
1,54,1,0.1,5.4,54.0,1,1,1.0,0.0,0.0,0.0,normal
1,54,1,0.1,5.4,54.0,1,1,1.0,0.0,0.0,0.0,normal
6,336,6,0.6,33.6,56.0,1,5,1.0,0.0,0.0,0.0,normal
1,54,1,0.1,5.4,54.0,1,1,1.0,0.0,0.0,0.0,normal
14,5326,14,1.4,532.6,380.42857142857144,1,1,1.0,0.0,0.0,0.0,normal
43,14729,43,4.3,1472.9,342.5348837209302,4,1,1.0,0.0,0.0,0.0,normal
72,19120,72,7.2,1912.0,265.55555555555554,1,2,1.0,0.0,0.0,0.0,normal
6,711,6,0.6,71.1,118.5,1,1,1.0,0.0,0.0,0.0,normal
30,6868,30,3.0,686.8,228.93333333333334,3,1,1.0,0.0,0.0,0.0,normal
12,13880,12,1.2,1388.0,1156.6666666666667,1,1,1.0,0.0,0.0,0.0,normal
22,6794,22,2.2,679.4,308.8181818181818,1,1,1.0,0.0,0.0,0.0,normal
102,30759,102,10.2,3075.9,301.55882352941177,3,7,0.8333333333333334,0.16666666666666666,0.0,0.0,normal
8,1210,8,0.8,121.0,151.25,8,1,0.0,1.0,0.0,0.0,normal
15,6705,15,1.5,670.5,447.0,2,1,0.4666666666666667,0.5333333333333333,0.0,0.0,normal
14,5521,14,1.4,552.1,394.35714285714283,1,1,1.0,0.0,0.0,0.0,normal
15,8297,15,1.5,829.7,553.1333333333333,2,1,1.0,0.0,0.0,0.0,normal
62,50083,62,6.2,5008.3,807.7903225806451,3,1,0.1774193548387097,0.8225806451612904,0.0,0.0,normal
79,23795,79,7.9,2379.5,301.2025316455696,1,1,1.0,0.0,0.0,0.0,normal
9,10226,9,0.9,1022.6,1136.2222222222222,2,1,0.1111111111111111,0.8888888888888888,0.0,0.0,normal
109,307788,109,10.9,30778.8,2823.743119266055,1,1,1.0,0.0,0.0,0.0,normal
341,190728,341,34.1,19072.8,559.3196480938417,1,5,0.5513196480938416,0.44868035190615835,0.0,0.0,normal
22,5992,22,2.2,599.2,272.3636363636364,3,1,1.0,0.0,0.0,0.0,normal
9,7015,9,0.9,701.5,779.4444444444445,3,1,1.0,0.0,0.0,0.0,normal
6,1082,6,0.6,108.2,180.33333333333334,2,1,1.0,0.0,0.0,0.0,normal
4,3331,4,0.4,333.1,832.75,1,1,1.0,0.0,0.0,0.0,normal
3,174,3,0.3,17.4,58.0,1,1,1.0,0.0,0.0,0.0,normal
1,54,1,0.1,5.4,54.0,1,1,1.0,0.0,0.0,0.0,normal
57,20568,57,5.7,2056.8,360.8421052631579,2,1,1.0,0.0,0.0,0.0,normal
145,46423,145,14.5,4642.3,320.15862068965515,1,1,1.0,0.0,0.0,0.0,normal
26,19425,26,2.6,1942.5,747.1153846153846,3,1,1.0,0.0,0.0,0.0,normal
9,7900,9,0.9,790.0,877.7777777777778,1,1,1.0,0.0,0.0,0.0,normal
88,36880,88,8.8,3688.0,419.09090909090907,8,1,1.0,0.0,0.0,0.0,normal
524,1126966,524,52.4,112696.6,2150.6984732824426,6,1,1.0,0.0,0.0,0.0,normal
804,214266,804,80.4,21426.6,266.5,1,14,1.0,0.0,0.0,0.0,normal
110,221355,110,11.0,22135.5,2012.3181818181818,1,1,1.0,0.0,0.0,0.0,normal
11,4863,11,1.1,486.3,442.09090909090907,1,1,1.0,0.0,0.0,0.0,normal
29,3082,29,2.9,308.2,106.27586206896552,2,1,1.0,0.0,0.0,0.0,normal
1,127,1,0.1,12.7,127.0,1,1,1.0,0.0,0.0,0.0,normal
5,2251,5,0.5,225.1,450.2,1,1,1.0,0.0,0.0,0.0,normal
2,1220,2,0.2,122.0,610.0,1,1,1.0,0.0,0.0,0.0,normal
64,5409,64,6.4,540.9,84.515625,1,1,1.0,0.0,0.0,0.0,normal
6,12351,6,0.6,1235.1,2058.5,1,1,1.0,0.0,0.0,0.0,normal
73,199464,73,7.3,19946.4,2732.3835616438355,2,8,0.9863013698630136,0.0136986301369863,0.0,0.0,normal
1,489,1,0.1,48.9,489.0,1,1,0.0,1.0,0.0,0.0,normal
1,54,1,0.1,5.4,54.0,1,1,1.0,0.0,0.0,0.0,normal
2,132,2,0.2,13.2,66.0,1,1,1.0,0.0,0.0,0.0,normal
119,12697,119,11.9,1269.7,106.69747899159664,1,1,1.0,0.0,0.0,0.0,normal
73,303958,73,7.3,30395.8,4163.808219178082,2,3,0.9726027397260274,0.0273972602739726,0.0,0.0,normal
2,422,2,0.2,42.2,211.0,2,1,0.0,1.0,0.0,0.0,normal
1,54,1,0.1,5.4,54.0,1,1,1.0,0.0,0.0,0.0,normal
21,2316,21,2.1,231.6,110.28571428571429,1,1,1.0,0.0,0.0,0.0,normal
30,30515,30,3.0,3051.5,1017.1666666666666,1,4,1.0,0.0,0.0,0.0,normal
4,279,4,0.4,27.9,69.75,1,1,1.0,0.0,0.0,0.0,normal
4,279,4,0.4,27.9,69.75,1,1,1.0,0.0,0.0,0.0,normal
2,132,2,0.2,13.2,66.0,1,1,1.0,0.0,0.0,0.0,normal
2,147,2,0.2,14.7,73.5,1,1,1.0,0.0,0.0,0.0,normal
5,7582,5,0.5,758.2,1516.4,1,1,1.0,0.0,0.0,0.0,normal
11,2727,11,1.1,272.7,247.9090909090909,1,1,1.0,0.0,0.0,0.0,normal
21,13024,21,2.1,1302.4,620.1904761904761,1,6,1.0,0.0,0.0,0.0,normal
2,147,2,0.2,14.7,73.5,1,1,1.0,0.0,0.0,0.0,normal
3,239,3,0.3,23.9,79.66666666666667,1,1,1.0,0.0,0.0,0.0,normal
4,1304,4,0.4,130.4,326.0,1,1,1.0,0.0,0.0,0.0,normal
1,54,1,0.1,5.4,54.0,1,1,1.0,0.0,0.0,0.0,normal
8,9130,8,0.8,913.0,1141.25,1,1,0.0,1.0,0.0,0.0,normal
1,93,1,0.1,9.3,93.0,1,1,1.0,0.0,0.0,0.0,normal
16,7902,16,1.6,790.2,493.875,1,4,0.4375,0.5625,0.0,0.0,normal
4,279,4,0.4,27.9,69.75,2,1,1.0,0.0,0.0,0.0,normal
3,240,3,0.3,24.0,80.0,1,1,1.0,0.0,0.0,0.0,normal
1,54,1,0.1,5.4,54.0,1,1,1.0,0.0,0.0,0.0,normal
1,93,1,0.1,9.3,93.0,1,1,1.0,0.0,0.0,0.0,normal
3,240,3,0.3,24.0,80.0,1,1,1.0,0.0,0.0,0.0,normal
2,147,2,0.2,14.7,73.5,1,1,1.0,0.0,0.0,0.0,normal
2,147,2,0.2,14.7,73.5,1,1,1.0,0.0,0.0,0.0,normal
16,1150,16,1.6,115.0,71.875,1,7,1.0,0.0,0.0,0.0,normal
1,93,1,0.1,9.3,93.0,1,1,1.0,0.0,0.0,0.0,normal
2,133,2,0.2,13.3,66.5,1,1,1.0,0.0,0.0,0.0,normal
1,54,1,0.1,5.4,54.0,1,1,1.0,0.0,0.0,0.0,normal
8,1157,8,0.8,115.7,144.625,1,1,1.0,0.0,0.0,0.0,normal
7,2155,7,0.7,215.5,307.85714285714283,1,1,1.0,0.0,0.0,0.0,normal
1,67,1,0.1,6.7,67.0,1,1,0.0,1.0,0.0,0.0,normal
23,10510,23,2.3,1051.0,456.95652173913044,2,8,0.9130434782608695,0.08695652173913043,0.0,0.0,normal
1,118,1,0.1,11.8,118.0,1,1,0.0,1.0,0.0,0.0,normal
1,54,1,0.1,5.4,54.0,1,1,1.0,0.0,0.0,0.0,normal
2,132,2,0.2,13.2,66.0,1,1,1.0,0.0,0.0,0.0,normal
1,54,1,0.1,5.4,54.0,1,1,1.0,0.0,0.0,0.0,normal
2,136,2,0.2,13.6,68.0,1,2,1.0,0.0,0.0,0.0,normal
1,54,1,0.1,5.4,54.0,1,1,1.0,0.0,0.0,0.0,normal
1,54,1,0.1,5.4,54.0,1,1,1.0,0.0,0.0,0.0,normal
2,132,2,0.2,13.2,66.0,1,1,1.0,0.0,0.0,0.0,normal
2,147,2,0.2,14.7,73.5,1,1,1.0,0.0,0.0,0.0,normal
8,6790,8,0.8,679.0,848.75,1,1,1.0,0.0,0.0,0.0,normal
110,13746,110,11.0,1374.6,124.96363636363637,1,1,1.0,0.0,0.0,0.0,normal
98,202114,98,9.8,20211.4,2062.387755102041,2,8,0.9591836734693877,0.04081632653061224,0.0,0.0,normal
4,780,4,0.4,78.0,195.0,4,1,0.0,1.0,0.0,0.0,normal
1,93,1,0.1,9.3,93.0,1,1,1.0,0.0,0.0,0.0,normal
3,239,3,0.3,23.9,79.66666666666667,1,1,1.0,0.0,0.0,0.0,normal
17,16965,17,1.7,1696.5,997.9411764705883,1,1,1.0,0.0,0.0,0.0,normal
4,575,4,0.4,57.5,143.75,1,1,1.0,0.0,0.0,0.0,normal
3,162,3,0.3,16.2,54.0,1,1,1.0,0.0,0.0,0.0,normal
108,14165,108,10.8,1416.5,131.15740740740742,1,1,1.0,0.0,0.0,0.0,normal
250,20136,250,25.0,2013.6,80.544,1,1,1.0,0.0,0.0,0.0,normal
10,2787,10,1.0,278.7,278.7,1,1,1.0,0.0,0.0,0.0,normal
13,16033,13,1.3,1603.3,1233.3076923076924,1,1,0.0,1.0,0.0,0.0,normal
1,93,1,0.1,9.3,93.0,1,1,1.0,0.0,0.0,0.0,normal
228,791189,228,22.8,79118.9,3470.127192982456,2,8,0.9385964912280702,0.06140350877192982,0.0,0.0,normal
3,911,3,0.3,91.1,303.6666666666667,3,1,0.0,1.0,0.0,0.0,normal
3,225,3,0.3,22.5,75.0,2,1,1.0,0.0,0.0,0.0,normal
2,147,2,0.2,14.7,73.5,1,1,1.0,0.0,0.0,0.0,normal
1,54,1,0.1,5.4,54.0,1,1,1.0,0.0,0.0,0.0,normal
211,14462,211,21.1,1446.2,68.54028436018957,1,1,1.0,0.0,0.0,0.0,normal
147,8960,147,14.7,896.0,60.95238095238095,1,1,1.0,0.0,0.0,0.0,normal
4,4714,4,0.4,471.4,1178.5,1,1,0.0,1.0,0.0,0.0,normal
2,147,2,0.2,14.7,73.5,1,1,1.0,0.0,0.0,0.0,normal
2,147,2,0.2,14.7,73.5,1,1,1.0,0.0,0.0,0.0,normal
2,147,2,0.2,14.7,73.5,1,1,1.0,0.0,0.0,0.0,normal
261,704858,261,26.1,70485.8,2700.605363984674,1,8,1.0,0.0,0.0,0.0,normal
1,66,1,0.1,6.6,66.0,1,1,1.0,0.0,0.0,0.0,normal
5,372,5,0.5,37.2,74.4,1,1,1.0,0.0,0.0,0.0,normal
2,133,2,0.2,13.3,66.5,1,1,1.0,0.0,0.0,0.0,normal
1,54,1,0.1,5.4,54.0,1,1,1.0,0.0,0.0,0.0,normal
5,3095,5,0.5,309.5,619.0,1,1,1.0,0.0,0.0,0.0,normal
167,9477,167,16.7,947.7,56.74850299401198,1,1,1.0,0.0,0.0,0.0,normal
2,147,2,0.2,14.7,73.5,1,1,1.0,0.0,0.0,0.0,normal
107,333867,107,10.7,33386.7,3120.2523364485983,1,1,1.0,0.0,0.0,0.0,normal
2,162,2,0.2,16.2,81.0,1,1,0.0,1.0,0.0,0.0,normal
231,307935,231,23.1,30793.5,1333.051948051948,2,12,0.987012987012987,0.012987012987012988,0.0,0.0,normal
2,244,2,0.2,24.4,122.0,2,1,0.0,1.0,0.0,0.0,normal
1,54,1,0.1,5.4,54.0,1,1,1.0,0.0,0.0,0.0,normal
1,54,1,0.1,5.4,54.0,1,1,1.0,0.0,0.0,0.0,normal
2,132,2,0.2,13.2,66.0,1,1,1.0,0.0,0.0,0.0,normal
1,54,1,0.1,5.4,54.0,1,1,1.0,0.0,0.0,0.0,normal
2,136,2,0.2,13.6,68.0,1,2,1.0,0.0,0.0,0.0,normal
4,240,4,0.4,24.0,60.0,1,1,1.0,0.0,0.0,0.0,normal
1,54,1,0.1,5.4,54.0,1,1,1.0,0.0,0.0,0.0,normal
9,636,9,0.9,63.6,70.66666666666667,1,3,1.0,0.0,0.0,0.0,normal
2,108,2,0.2,10.8,54.0,1,1,1.0,0.0,0.0,0.0,normal
2,132,2,0.2,13.2,66.0,1,1,1.0,0.0,0.0,0.0,normal
1,54,1,0.1,5.4,54.0,1,1,1.0,0.0,0.0,0.0,normal
6,7642,6,0.6,764.2,1273.6666666666667,1,1,1.0,0.0,0.0,0.0,normal
1,54,1,0.1,5.4,54.0,1,1,1.0,0.0,0.0,0.0,normal
2,108,2,0.2,10.8,54.0,1,1,1.0,0.0,0.0,0.0,normal
15,1595,15,1.5,159.5,106.33333333333333,1,7,1.0,0.0,0.0,0.0,normal
3,239,3,0.3,23.9,79.66666666666667,1,1,1.0,0.0,0.0,0.0,normal
1,54,1,0.1,5.4,54.0,1,1,1.0,0.0,0.0,0.0,normal
2,108,2,0.2,10.8,54.0,1,1,1.0,0.0,0.0,0.0,normal
4,578,4,0.4,57.8,144.5,1,1,1.0,0.0,0.0,0.0,normal
1,93,1,0.1,9.3,93.0,1,1,1.0,0.0,0.0,0.0,normal
7,6688,7,0.7,668.8,955.4285714285714,1,1,0.0,1.0,0.0,0.0,normal
4,240,4,0.4,24.0,60.0,1,1,1.0,0.0,0.0,0.0,normal
4,240,4,0.4,24.0,60.0,1,1,1.0,0.0,0.0,0.0,normal
26,5805,26,2.6,580.5,223.26923076923077,1,6,0.6923076923076923,0.3076923076923077,0.0,0.0,normal
2,132,2,0.2,13.2,66.0,1,1,1.0,0.0,0.0,0.0,normal
4,240,4,0.4,24.0,60.0,1,1,1.0,0.0,0.0,0.0,normal
1,54,1,0.1,5.4,54.0,1,1,1.0,0.0,0.0,0.0,normal
1,54,1,0.1,5.4,54.0,1,1,1.0,0.0,0.0,0.0,normal
4,240,4,0.4,24.0,60.0,1,1,1.0,0.0,0.0,0.0,normal
11,748,11,1.1,74.8,68.0,1,5,1.0,0.0,0.0,0.0,normal
2,133,2,0.2,13.3,66.5,1,1,1.0,0.0,0.0,0.0,normal
92,20233,92,9.2,2023.3,219.92391304347825,2,1,1.0,0.0,0.0,0.0,normal
1,54,1,0.1,5.4,54.0,1,1,1.0,0.0,0.0,0.0,normal
130,42257,130,13.0,4225.7,325.05384615384617,1,1,1.0,0.0,0.0,0.0,normal
189,10639,189,18.9,1063.9,56.29100529100529,1,1,1.0,0.0,0.0,0.0,normal
1,93,1,0.1,9.3,93.0,1,1,1.0,0.0,0.0,0.0,normal
1,54,1,0.1,5.4,54.0,1,1,1.0,0.0,0.0,0.0,normal
1,67,1,0.1,6.7,67.0,1,1,0.0,1.0,0.0,0.0,normal
291,803572,291,29.1,80357.2,2761.4158075601376,2,11,0.9896907216494846,0.010309278350515464,0.0,0.0,normal
2,450,2,0.2,45.0,225.0,2,1,0.0,1.0,0.0,0.0,normal
1,54,1,0.1,5.4,54.0,1,1,1.0,0.0,0.0,0.0,normal
2,108,2,0.2,10.8,54.0,1,1,1.0,0.0,0.0,0.0,normal
2,132,2,0.2,13.2,66.0,1,1,1.0,0.0,0.0,0.0,normal
244,15261,244,24.4,1526.1,62.545081967213115,1,1,1.0,0.0,0.0,0.0,normal
209,12131,209,20.9,1213.1,58.04306220095694,1,1,1.0,0.0,0.0,0.0,normal
368,1003165,368,36.8,100316.5,2725.991847826087,1,3,1.0,0.0,0.0,0.0,normal
7,3147,7,0.7,314.7,449.57142857142856,1,1,1.0,0.0,0.0,0.0,normal
1,54,1,0.1,5.4,54.0,1,1,1.0,0.0,0.0,0.0,normal
137,15364,137,13.7,1536.4,112.14598540145985,1,1,1.0,0.0,0.0,0.0,normal
261,15246,261,26.1,1524.6,58.41379310344828,1,1,1.0,0.0,0.0,0.0,normal
334,846501,334,33.4,84650.1,2534.434131736527,1,4,1.0,0.0,0.0,0.0,normal
2,132,2,0.2,13.2,66.0,1,1,1.0,0.0,0.0,0.0,normal
5,7682,5,0.5,768.2,1536.4,1,1,1.0,0.0,0.0,0.0,normal
1,54,1,0.1,5.4,54.0,1,1,1.0,0.0,0.0,0.0,normal
276,16936,276,27.6,1693.6,61.36231884057971,1,1,1.0,0.0,0.0,0.0,normal
234,13067,234,23.4,1306.7,55.84188034188034,1,1,1.0,0.0,0.0,0.0,normal
466,1135532,466,46.6,113553.2,2436.763948497854,3,9,0.9978540772532188,0.002145922746781116,0.0,0.0,normal
1,345,1,0.1,34.5,345.0,1,1,0.0,1.0,0.0,0.0,normal
3,239,3,0.3,23.9,79.66666666666667,1,1,1.0,0.0,0.0,0.0,normal
5,361,5,0.5,36.1,72.2,1,1,1.0,0.0,0.0,0.0,normal
1,66,1,0.1,6.6,66.0,1,1,1.0,0.0,0.0,0.0,normal
4,573,4,0.4,57.3,143.25,1,1,1.0,0.0,0.0,0.0,normal
148,14561,148,14.8,1456.1,98.38513513513513,1,1,1.0,0.0,0.0,0.0,normal
142,8512,142,14.2,851.2,59.943661971830984,1,1,1.0,0.0,0.0,0.0,normal
1,93,1,0.1,9.3,93.0,1,1,1.0,0.0,0.0,0.0,normal
7,6696,7,0.7,669.6,956.5714285714286,1,1,0.0,1.0,0.0,0.0,normal
224,587699,224,22.4,58769.9,2623.65625,1,5,0.9642857142857143,0.03571428571428571,0.0,0.0,normal
2,132,2,0.2,13.2,66.0,1,1,1.0,0.0,0.0,0.0,normal
1,79,1,0.1,7.9,79.0,1,1,1.0,0.0,0.0,0.0,normal
1,54,1,0.1,5.4,54.0,1,1,1.0,0.0,0.0,0.0,normal
1,54,1,0.1,5.4,54.0,1,1,1.0,0.0,0.0,0.0,normal
9,12293,9,0.9,1229.3,1365.888888888889,1,1,1.0,0.0,0.0,0.0,normal
13,1079,13,1.3,107.9,83.0,1,1,1.0,0.0,0.0,0.0,normal
2,108,2,0.2,10.8,54.0,1,1,1.0,0.0,0.0,0.0,normal
21,11428,21,2.1,1142.8,544.1904761904761,1,7,1.0,0.0,0.0,0.0,normal
1,54,1,0.1,5.4,54.0,1,1,1.0,0.0,0.0,0.0,normal
1,54,1,0.1,5.4,54.0,1,1,1.0,0.0,0.0,0.0,normal
1,54,1,0.1,5.4,54.0,1,1,1.0,0.0,0.0,0.0,normal
1,54,1,0.1,5.4,54.0,1,1,1.0,0.0,0.0,0.0,normal
1,54,1,0.1,5.4,54.0,1,1,1.0,0.0,0.0,0.0,normal
1,67,1,0.1,6.7,67.0,1,1,0.0,1.0,0.0,0.0,normal
6,359,6,0.6,35.9,59.833333333333336,1,6,0.8333333333333334,0.16666666666666666,0.0,0.0,normal
1,54,1,0.1,5.4,54.0,1,1,1.0,0.0,0.0,0.0,normal
2,132,2,0.2,13.2,66.0,1,1,1.0,0.0,0.0,0.0,normal
1,82,1,0.1,8.2,82.0,1,1,1.0,0.0,0.0,0.0,normal
1,54,1,0.1,5.4,54.0,1,1,1.0,0.0,0.0,0.0,normal
1,54,1,0.1,5.4,54.0,1,1,1.0,0.0,0.0,0.0,normal
231,21130,231,23.1,2113.0,91.47186147186147,1,1,1.0,0.0,0.0,0.0,normal
132,7429,132,13.2,742.9,56.28030303030303,1,1,1.0,0.0,0.0,0.0,normal
340,881882,340,34.0,88188.2,2593.7705882352943,1,5,0.9735294117647059,0.026470588235294117,0.0,0.0,normal
15,6667,15,1.5,666.7,444.46666666666664,2,1,0.4666666666666667,0.5333333333333333,0.0,0.0,normal
2,132,2,0.2,13.2,66.0,1,1,1.0,0.0,0.0,0.0,normal
1,54,1,0.1,5.4,54.0,1,1,1.0,0.0,0.0,0.0,normal
124,19327,124,12.4,1932.7,155.86290322580646,1,1,1.0,0.0,0.0,0.0,normal
146,8485,146,14.6,848.5,58.11643835616438,1,1,1.0,0.0,0.0,0.0,normal
269,633656,269,26.9,63365.6,2355.5985130111526,1,5,1.0,0.0,0.0,0.0,normal
3,239,3,0.3,23.9,79.66666666666667,1,1,1.0,0.0,0.0,0.0,normal
4,574,4,0.4,57.4,143.5,1,1,1.0,0.0,0.0,0.0,normal
1,54,1,0.1,5.4,54.0,1,1,1.0,0.0,0.0,0.0,normal
217,16335,217,21.7,1633.5,75.27649769585254,1,1,1.0,0.0,0.0,0.0,normal
286,15839,286,28.6,1583.9,55.38111888111888,1,1,1.0,0.0,0.0,0.0,normal
1,93,1,0.1,9.3,93.0,1,1,1.0,0.0,0.0,0.0,normal
7,7895,7,0.7,789.5,1127.857142857143,1,1,0.0,1.0,0.0,0.0,normal
484,1335126,484,48.4,133512.6,2758.5247933884298,1,6,0.9834710743801653,0.01652892561983471,0.0,0.0,normal
2,132,2,0.2,13.2,66.0,1,1,1.0,0.0,0.0,0.0,normal
1,54,1,0.1,5.4,54.0,1,1,1.0,0.0,0.0,0.0,normal
1,54,1,0.1,5.4,54.0,1,1,1.0,0.0,0.0,0.0,normal
126,18580,126,12.6,1858.0,147.46031746031747,1,1,1.0,0.0,0.0,0.0,normal
258,14921,258,25.8,1492.1,57.833333333333336,1,1,1.0,0.0,0.0,0.0,normal
332,911661,332,33.2,91166.1,2745.9668674698796,1,5,1.0,0.0,0.0,0.0,normal
2,133,2,0.2,13.3,66.5,1,1,1.0,0.0,0.0,0.0,normal
1,54,1,0.1,5.4,54.0,1,1,1.0,0.0,0.0,0.0,normal
111,5994,111,11.1,599.4,54.0,1,1,1.0,0.0,0.0,0.0,normal
151,8663,151,15.1,866.3,57.370860927152314,1,1,1.0,0.0,0.0,0.0,normal
1,54,1,0.1,5.4,54.0,1,1,1.0,0.0,0.0,0.0,normal
1,67,1,0.1,6.7,67.0,1,1,0.0,1.0,0.0,0.0,normal
229,675802,229,22.9,67580.2,2951.1004366812226,2,8,0.9912663755458515,0.008733624454148471,0.0,0.0,normal
1,489,1,0.1,48.9,489.0,1,1,0.0,1.0,0.0,0.0,normal
1,54,1,0.1,5.4,54.0,1,1,1.0,0.0,0.0,0.0,normal
7,2286,7,0.7,228.6,326.57142857142856,1,1,1.0,0.0,0.0,0.0,normal
2,132,2,0.2,13.2,66.0,1,1,1.0,0.0,0.0,0.0,normal
2,1118,2,0.2,111.8,559.0,1,1,1.0,0.0,0.0,0.0,normal
67,31736,67,6.7,3173.6,473.67164179104475,5,1,0.9253731343283582,0.07462686567164178,0.0,0.0,normal
1,54,1,0.1,5.4,54.0,1,1,1.0,0.0,0.0,0.0,normal
327,26074,327,32.7,2607.4,79.73700305810398,1,1,1.0,0.0,0.0,0.0,normal
243,13960,243,24.3,1396.0,57.44855967078189,1,1,1.0,0.0,0.0,0.0,normal
44,13565,44,4.4,1356.5,308.29545454545456,1,1,1.0,0.0,0.0,0.0,normal
57,38166,57,5.7,3816.6,669.578947368421,4,1,0.3157894736842105,0.6842105263157895,0.0,0.0,normal
672,1518315,672,67.2,151831.5,2259.3973214285716,2,10,0.9241071428571429,0.07589285714285714,0.0,0.0,normal
2,260,2,0.2,26.0,130.0,2,1,0.0,1.0,0.0,0.0,normal
18,7683,18,1.8,768.3,426.8333333333333,1,1,1.0,0.0,0.0,0.0,normal
11,6765,11,1.1,676.5,615.0,1,1,1.0,0.0,0.0,0.0,normal
1,54,1,0.1,5.4,54.0,1,1,1.0,0.0,0.0,0.0,normal
1,54,1,0.1,5.4,54.0,1,1,1.0,0.0,0.0,0.0,normal
12,6808,12,1.2,680.8,567.3333333333334,1,1,1.0,0.0,0.0,0.0,normal
232,13509,232,23.2,1350.9,58.22844827586207,1,1,1.0,0.0,0.0,0.0,normal
10,2787,10,1.0,278.7,278.7,1,1,1.0,0.0,0.0,0.0,normal
20,15637,20,2.0,1563.7,781.85,2,1,0.0,1.0,0.0,0.0,normal
302,595380,302,30.2,59538.0,1971.4569536423842,1,9,0.9370860927152318,0.06291390728476821,0.0,0.0,normal
2,147,2,0.2,14.7,73.5,1,1,1.0,0.0,0.0,0.0,normal
2,132,2,0.2,13.2,66.0,1,1,1.0,0.0,0.0,0.0,normal
5,7683,5,0.5,768.3,1536.6,1,1,1.0,0.0,0.0,0.0,normal
2,108,2,0.2,10.8,54.0,1,1,1.0,0.0,0.0,0.0,normal
357,25453,357,35.7,2545.3,71.29691876750701,1,1,1.0,0.0,0.0,0.0,normal
326,18536,326,32.6,1853.6,56.85889570552147,1,1,1.0,0.0,0.0,0.0,normal
653,1678096,653,65.3,167809.6,2569.8254211332314,1,6,1.0,0.0,0.0,0.0,normal
3,239,3,0.3,23.9,79.66666666666667,1,1,1.0,0.0,0.0,0.0,normal
128,12185,128,12.8,1218.5,95.1953125,1,1,1.0,0.0,0.0,0.0,normal
287,16124,287,28.7,1612.4,56.181184668989545,1,1,1.0,0.0,0.0,0.0,normal
330,1104551,330,33.0,110455.1,3347.1242424242423,1,2,1.0,0.0,0.0,0.0,normal
2,132,2,0.2,13.2,66.0,1,1,1.0,0.0,0.0,0.0,normal
1,54,1,0.1,5.4,54.0,1,1,1.0,0.0,0.0,0.0,normal
243,17121,243,24.3,1712.1,70.45679012345678,1,1,1.0,0.0,0.0,0.0,normal
269,15411,269,26.9,1541.1,57.28996282527881,1,1,1.0,0.0,0.0,0.0,normal
410,1422078,410,41.0,142207.8,3468.4829268292683,1,4,1.0,0.0,0.0,0.0,normal
2,133,2,0.2,13.3,66.5,1,1,1.0,0.0,0.0,0.0,normal
1,54,1,0.1,5.4,54.0,1,1,1.0,0.0,0.0,0.0,normal
185,12271,185,18.5,1227.1,66.32972972972973,1,1,1.0,0.0,0.0,0.0,normal
143,8642,143,14.3,864.2,60.43356643356643,1,1,1.0,0.0,0.0,0.0,normal
1,54,1,0.1,5.4,54.0,1,1,1.0,0.0,0.0,0.0,normal
293,852861,293,29.3,85286.1,2910.788395904437,1,6,1.0,0.0,0.0,0.0,normal
1,54,1,0.1,5.4,54.0,1,1,1.0,0.0,0.0,0.0,normal
2,147,2,0.2,14.7,73.5,1,1,1.0,0.0,0.0,0.0,normal
2,132,2,0.2,13.2,66.0,1,1,1.0,0.0,0.0,0.0,normal
4,610,4,0.4,61.0,152.5,1,1,1.0,0.0,0.0,0.0,normal
2,147,2,0.2,14.7,73.5,1,1,1.0,0.0,0.0,0.0,normal
211,17846,211,21.1,1784.6,84.5781990521327,1,1,1.0,0.0,0.0,0.0,normal
284,16211,284,28.4,1621.1,57.08098591549296,1,1,1.0,0.0,0.0,0.0,normal
2,687,2,0.2,68.7,343.5,1,1,1.0,0.0,0.0,0.0,normal
7,5743,7,0.7,574.3,820.4285714285714,1,1,0.0,1.0,0.0,0.0,normal
408,1302333,408,40.8,130233.3,3191.9926470588234,2,10,0.9852941176470589,0.014705882352941176,0.0,0.0,normal
1,230,1,0.1,23.0,230.0,1,1,0.0,1.0,0.0,0.0,normal
2,147,2,0.2,14.7,73.5,1,1,1.0,0.0,0.0,0.0,normal
1,54,1,0.1,5.4,54.0,1,1,1.0,0.0,0.0,0.0,normal
128,9802,128,12.8,980.2,76.578125,1,1,1.0,0.0,0.0,0.0,normal
166,9521,166,16.6,952.1,57.355421686746986,1,1,1.0,0.0,0.0,0.0,normal
282,735667,282,28.2,73566.7,2608.748226950355,1,5,1.0,0.0,0.0,0.0,normal
1,93,1,0.1,9.3,93.0,1,1,1.0,0.0,0.0,0.0,normal
2,132,2,0.2,13.2,66.0,1,1,1.0,0.0,0.0,0.0,normal
1,54,1,0.1,5.4,54.0,1,1,1.0,0.0,0.0,0.0,normal
6,7621,6,0.6,762.1,1270.1666666666667,1,1,1.0,0.0,0.0,0.0,normal
8,697,8,0.8,69.7,87.125,1,1,1.0,0.0,0.0,0.0,normal
1,67,1,0.1,6.7,67.0,1,1,0.0,1.0,0.0,0.0,normal
15,4185,15,1.5,418.5,279.0,1,6,0.9333333333333333,0.06666666666666667,0.0,0.0,normal
3,239,3,0.3,23.9,79.66666666666667,1,1,1.0,0.0,0.0,0.0,normal
6,453,6,0.6,45.3,75.5,2,2,0.5,0.5,0.0,0.0,normal
2,462,2,0.2,46.2,231.0,2,1,0.0,1.0,0.0,0.0,normal
2,132,2,0.2,13.2,66.0,1,1,1.0,0.0,0.0,0.0,normal
1,54,1,0.1,5.4,54.0,1,1,1.0,0.0,0.0,0.0,normal
120,10601,120,12.0,1060.1,88.34166666666667,1,1,1.0,0.0,0.0,0.0,normal
166,9310,166,16.6,931.0,56.08433734939759,1,1,1.0,0.0,0.0,0.0,normal
12,7112,12,1.2,711.2,592.6666666666666,1,1,1.0,0.0,0.0,0.0,normal
285,724711,285,28.5,72471.1,2542.8456140350877,2,9,0.9859649122807017,0.014035087719298246,0.0,0.0,normal
5,1179,5,0.5,117.9,235.8,5,1,0.0,1.0,0.0,0.0,normal
10,11421,10,1.0,1142.1,1142.1,1,1,1.0,0.0,0.0,0.0,normal
1,66,1,0.1,6.6,66.0,1,1,1.0,0.0,0.0,0.0,normal
2,133,2,0.2,13.3,66.5,1,1,1.0,0.0,0.0,0.0,normal
1,54,1,0.1,5.4,54.0,1,1,1.0,0.0,0.0,0.0,normal
240,15837,240,24.0,1583.7,65.9875,1,1,1.0,0.0,0.0,0.0,normal
160,9560,160,16.0,956.0,59.75,1,1,1.0,0.0,0.0,0.0,normal
1,54,1,0.1,5.4,54.0,1,1,1.0,0.0,0.0,0.0,normal
136,321475,136,13.6,32147.5,2363.7867647058824,1,1,1.0,0.0,0.0,0.0,normal
375,1082023,375,37.5,108202.3,2885.3946666666666,2,9,0.9946666666666667,0.005333333333333333,0.0,0.0,normal
2,244,2,0.2,24.4,122.0,2,1,0.0,1.0,0.0,0.0,normal
1,54,1,0.1,5.4,54.0,1,1,1.0,0.0,0.0,0.0,normal
1,93,1,0.1,9.3,93.0,1,1,1.0,0.0,0.0,0.0,normal
2,132,2,0.2,13.2,66.0,1,1,1.0,0.0,0.0,0.0,normal
4,572,4,0.4,57.2,143.0,1,1,1.0,0.0,0.0,0.0,normal
1,93,1,0.1,9.3,93.0,1,1,1.0,0.0,0.0,0.0,normal
1,93,1,0.1,9.3,93.0,1,1,1.0,0.0,0.0,0.0,normal
133,12701,133,13.3,1270.1,95.49624060150376,1,1,1.0,0.0,0.0,0.0,normal
304,17317,304,30.4,1731.7,56.963815789473685,1,1,1.0,0.0,0.0,0.0,normal
10,2826,10,1.0,282.6,282.6,1,1,1.0,0.0,0.0,0.0,normal
7,4543,7,0.7,454.3,649.0,1,1,0.0,1.0,0.0,0.0,normal
381,1220101,381,38.1,122010.1,3202.3648293963256,2,11,0.979002624671916,0.02099737532808399,0.0,0.0,normal
2,260,2,0.2,26.0,130.0,2,1,0.0,1.0,0.0,0.0,normal
2,108,2,0.2,10.8,54.0,1,1,1.0,0.0,0.0,0.0,normal
4,279,4,0.4,27.9,69.75,1,1,1.0,0.0,0.0,0.0,normal
1,54,1,0.1,5.4,54.0,1,1,1.0,0.0,0.0,0.0,normal
229,17413,229,22.9,1741.3,76.03930131004367,1,1,1.0,0.0,0.0,0.0,normal
195,11005,195,19.5,1100.5,56.43589743589744,1,1,1.0,0.0,0.0,0.0,normal
1,54,1,0.1,5.4,54.0,1,1,1.0,0.0,0.0,0.0,normal
309,1181409,309,30.9,118140.9,3823.330097087379,1,7,1.0,0.0,0.0,0.0,normal
1,54,1,0.1,5.4,54.0,1,1,1.0,0.0,0.0,0.0,normal
1,54,1,0.1,5.4,54.0,1,1,1.0,0.0,0.0,0.0,normal
2,132,2,0.2,13.2,66.0,1,1,1.0,0.0,0.0,0.0,normal
7,624,7,0.7,62.4,89.14285714285714,1,1,1.0,0.0,0.0,0.0,normal
1,54,1,0.1,5.4,54.0,1,1,1.0,0.0,0.0,0.0,normal
5,7660,5,0.5,766.0,1532.0,1,1,1.0,0.0,0.0,0.0,normal
122,7098,122,12.2,709.8,58.18032786885246,1,1,1.0,0.0,0.0,0.0,normal
15,4748,15,1.5,474.8,316.53333333333336,1,1,1.0,0.0,0.0,0.0,normal
1,67,1,0.1,6.7,67.0,1,1,0.0,1.0,0.0,0.0,normal
132,291929,132,13.2,29192.9,2211.5833333333335,1,9,0.9545454545454546,0.045454545454545456,0.0,0.0,normal
19,7632,19,1.9,763.2,401.6842105263158,3,1,0.7368421052631579,0.2631578947368421,0.0,0.0,normal
3,239,3,0.3,23.9,79.66666666666667,1,1,1.0,0.0,0.0,0.0,normal
1,54,1,0.1,5.4,54.0,1,1,1.0,0.0,0.0,0.0,normal
1,54,1,0.1,5.4,54.0,1,1,1.0,0.0,0.0,0.0,normal
1,78,1,0.1,7.8,78.0,1,1,1.0,0.0,0.0,0.0,normal
1,54,1,0.1,5.4,54.0,1,1,1.0,0.0,0.0,0.0,normal
1,54,1,0.1,5.4,54.0,1,1,1.0,0.0,0.0,0.0,normal
1,54,1,0.1,5.4,54.0,1,1,1.0,0.0,0.0,0.0,normal
4,216,4,0.4,21.6,54.0,1,4,1.0,0.0,0.0,0.0,normal
1,54,1,0.1,5.4,54.0,1,1,1.0,0.0,0.0,0.0,normal
2,132,2,0.2,13.2,66.0,1,1,1.0,0.0,0.0,0.0,normal
1,66,1,0.1,6.6,66.0,1,1,1.0,0.0,0.0,0.0,normal
75,261601,75,7.5,26160.1,3488.0133333333333,1,1,1.0,0.0,0.0,0.0,normal
66,5903,66,6.6,590.3,89.43939393939394,2,6,0.9696969696969697,0.030303030303030304,0.0,0.0,normal
2,244,2,0.2,24.4,122.0,2,1,0.0,1.0,0.0,0.0,normal
2,147,2,0.2,14.7,73.5,1,1,1.0,0.0,0.0,0.0,normal
2,147,2,0.2,14.7,73.5,1,1,1.0,0.0,0.0,0.0,normal
2,133,2,0.2,13.3,66.5,1,1,1.0,0.0,0.0,0.0,normal
2,147,2,0.2,14.7,73.5,1,1,1.0,0.0,0.0,0.0,normal
1,54,1,0.1,5.4,54.0,1,1,1.0,0.0,0.0,0.0,normal
1,54,1,0.1,5.4,54.0,1,1,1.0,0.0,0.0,0.0,normal
1,93,1,0.1,9.3,93.0,1,1,1.0,0.0,0.0,0.0,normal
10,731,10,1.0,73.1,73.1,1,7,1.0,0.0,0.0,0.0,normal
2,147,2,0.2,14.7,73.5,1,1,1.0,0.0,0.0,0.0,normal
2,132,2,0.2,13.2,66.0,1,1,1.0,0.0,0.0,0.0,normal
4,576,4,0.4,57.6,144.0,1,1,1.0,0.0,0.0,0.0,normal
2,108,2,0.2,10.8,54.0,1,1,1.0,0.0,0.0,0.0,normal
1,93,1,0.1,9.3,93.0,1,1,1.0,0.0,0.0,0.0,normal
1,54,1,0.1,5.4,54.0,1,1,1.0,0.0,0.0,0.0,normal
8,10342,8,0.8,1034.2,1292.75,1,1,0.0,1.0,0.0,0.0,normal
18,7631,18,1.8,763.1,423.94444444444446,1,6,0.5555555555555556,0.4444444444444444,0.0,0.0,normal
227,12632,227,22.7,1263.2,55.647577092511014,1,1,1.0,0.0,0.0,0.0,normal
1,54,1,0.1,5.4,54.0,1,1,1.0,0.0,0.0,0.0,normal
618,37968,618,61.8,3796.8,61.43689320388349,1,1,1.0,0.0,0.0,0.0,normal
1,54,1,0.1,5.4,54.0,1,1,1.0,0.0,0.0,0.0,normal
758,2103370,758,75.8,210337.0,2774.8944591029026,1,4,1.0,0.0,0.0,0.0,normal
2,132,2,0.2,13.2,66.0,1,1,1.0,0.0,0.0,0.0,normal
613,33920,613,61.3,3392.0,55.33442088091354,1,1,1.0,0.0,0.0,0.0,normal
1,54,1,0.1,5.4,54.0,1,1,1.0,0.0,0.0,0.0,normal
93,9405,93,9.3,940.5,101.12903225806451,1,1,1.0,0.0,0.0,0.0,normal
1,67,1,0.1,6.7,67.0,1,1,0.0,1.0,0.0,0.0,normal
645,1894497,645,64.5,189449.7,2937.204651162791,1,8,0.9984496124031008,0.0015503875968992248,0.0,0.0,normal
2,132,2,0.2,13.2,66.0,1,1,1.0,0.0,0.0,0.0,normal
1,54,1,0.1,5.4,54.0,1,1,1.0,0.0,0.0,0.0,normal
53,3317,53,5.3,331.7,62.58490566037736,1,1,1.0,0.0,0.0,0.0,normal
314,19232,314,31.4,1923.2,61.2484076433121,1,1,1.0,0.0,0.0,0.0,normal
307,884800,307,30.7,88480.0,2882.084690553746,1,2,1.0,0.0,0.0,0.0,normal
2,132,2,0.2,13.2,66.0,1,1,1.0,0.0,0.0,0.0,normal
1,93,1,0.1,9.3,93.0,1,1,1.0,0.0,0.0,0.0,normal
2,147,2,0.2,14.7,73.5,1,1,1.0,0.0,0.0,0.0,normal
4,294,4,0.4,29.4,73.5,2,1,1.0,0.0,0.0,0.0,normal
459,25884,459,45.9,2588.4,56.3921568627451,1,1,1.0,0.0,0.0,0.0,normal
1,54,1,0.1,5.4,54.0,1,1,1.0,0.0,0.0,0.0,normal
208,18229,208,20.8,1822.9,87.63942307692308,1,1,1.0,0.0,0.0,0.0,normal
1,54,1,0.1,5.4,54.0,1,1,1.0,0.0,0.0,0.0,normal
1,93,1,0.1,9.3,93.0,1,1,1.0,0.0,0.0,0.0,normal
592,1711768,592,59.2,171176.8,2891.5,1,11,1.0,0.0,0.0,0.0,normal
2,186,2,0.2,18.6,93.0,2,1,1.0,0.0,0.0,0.0,normal
1,93,1,0.1,9.3,93.0,1,1,1.0,0.0,0.0,0.0,normal
2,133,2,0.2,13.3,66.5,1,1,1.0,0.0,0.0,0.0,normal
23,2072,23,2.3,207.2,90.08695652173913,1,1,1.0,0.0,0.0,0.0,normal
6,7746,6,0.6,774.6,1291.0,1,1,1.0,0.0,0.0,0.0,normal
73,45001,73,7.3,4500.1,616.4520547945206,1,1,1.0,0.0,0.0,0.0,normal
90,38879,90,9.0,3887.9,431.9888888888889,1,5,1.0,0.0,0.0,0.0,normal
3,239,3,0.3,23.9,79.66666666666667,1,1,1.0,0.0,0.0,0.0,normal
2,132,2,0.2,13.2,66.0,1,1,1.0,0.0,0.0,0.0,normal
4,572,4,0.4,57.2,143.0,1,1,1.0,0.0,0.0,0.0,normal
186,93453,186,18.6,9345.3,502.43548387096774,1,1,1.0,0.0,0.0,0.0,normal
1,93,1,0.1,9.3,93.0,1,1,1.0,0.0,0.0,0.0,normal
9,7973,9,0.9,797.3,885.8888888888889,1,1,0.0,1.0,0.0,0.0,normal
200,15060,200,20.0,1506.0,75.3,1,5,0.955,0.045,0.0,0.0,normal
268,15043,268,26.8,1504.3,56.13059701492537,1,1,1.0,0.0,0.0,0.0,normal
18,24311,18,1.8,2431.1,1350.611111111111,1,1,1.0,0.0,0.0,0.0,normal
8,6026,8,0.8,602.6,753.25,1,1,1.0,0.0,0.0,0.0,normal
317,31133,317,31.7,3113.3,98.21135646687698,2,1,1.0,0.0,0.0,0.0,normal
289,75434,289,28.9,7543.4,261.01730103806227,1,1,1.0,0.0,0.0,0.0,normal
752,1782932,752,75.2,178293.2,2370.9202127659573,3,8,0.9906914893617021,0.009308510638297872,0.0,0.0,normal
6,1228,6,0.6,122.8,204.66666666666666,6,1,0.0,1.0,0.0,0.0,normal
12,11582,12,1.2,1158.2,965.1666666666666,1,1,1.0,0.0,0.0,0.0,normal
1,230,1,0.1,23.0,230.0,1,1,0.0,1.0,0.0,0.0,normal
2,132,2,0.2,13.2,66.0,1,1,1.0,0.0,0.0,0.0,normal
502,28182,502,50.2,2818.2,56.1394422310757,1,1,1.0,0.0,0.0,0.0,normal
1,54,1,0.1,5.4,54.0,1,1,1.0,0.0,0.0,0.0,normal
1,54,1,0.1,5.4,54.0,1,1,1.0,0.0,0.0,0.0,normal
222,22026,222,22.2,2202.6,99.21621621621621,1,1,1.0,0.0,0.0,0.0,normal
1,67,1,0.1,6.7,67.0,1,1,0.0,1.0,0.0,0.0,normal
657,1837386,657,65.7,183738.6,2796.6301369863013,3,10,0.9969558599695586,0.0030441400304414,0.0,0.0,normal
1,345,1,0.1,34.5,345.0,1,1,0.0,1.0,0.0,0.0,normal
1,54,1,0.1,5.4,54.0,1,1,1.0,0.0,0.0,0.0,normal
1,66,1,0.1,6.6,66.0,1,1,1.0,0.0,0.0,0.0,normal
5,361,5,0.5,36.1,72.2,1,1,1.0,0.0,0.0,0.0,normal
2,108,2,0.2,10.8,54.0,1,1,1.0,0.0,0.0,0.0,normal
4,240,4,0.4,24.0,60.0,1,1,1.0,0.0,0.0,0.0,normal
4,240,4,0.4,24.0,60.0,1,1,1.0,0.0,0.0,0.0,normal
248,13497,248,24.8,1349.7,54.42338709677419,1,1,1.0,0.0,0.0,0.0,normal
446,33062,446,44.6,3306.2,74.13004484304933,1,1,1.0,0.0,0.0,0.0,normal
481,1772968,481,48.1,177296.8,3686.004158004158,1,5,1.0,0.0,0.0,0.0,normal
2,132,2,0.2,13.2,66.0,1,1,1.0,0.0,0.0,0.0,normal
4,240,4,0.4,24.0,60.0,1,1,1.0,0.0,0.0,0.0,normal
1,54,1,0.1,5.4,54.0,1,1,1.0,0.0,0.0,0.0,normal
1,54,1,0.1,5.4,54.0,1,1,1.0,0.0,0.0,0.0,normal
1,1034,1,0.1,103.4,1034.0,1,1,1.0,0.0,0.0,0.0,normal
2,108,2,0.2,10.8,54.0,1,1,1.0,0.0,0.0,0.0,normal
21,1477,21,2.1,147.7,70.33333333333333,1,9,1.0,0.0,0.0,0.0,normal
4,216,4,0.4,21.6,54.0,2,1,1.0,0.0,0.0,0.0,normal
2,108,2,0.2,10.8,54.0,1,1,1.0,0.0,0.0,0.0,normal
1,54,1,0.1,5.4,54.0,1,1,1.0,0.0,0.0,0.0,normal
2,133,2,0.2,13.3,66.5,1,1,1.0,0.0,0.0,0.0,normal
5,689,5,0.5,68.9,137.8,1,1,1.0,0.0,0.0,0.0,normal
6,7701,6,0.6,770.1,1283.5,1,1,1.0,0.0,0.0,0.0,normal
1,54,1,0.1,5.4,54.0,1,1,1.0,0.0,0.0,0.0,normal
430,48954,430,43.0,4895.4,113.84651162790698,1,1,1.0,0.0,0.0,0.0,normal
1,54,1,0.1,5.4,54.0,1,1,1.0,0.0,0.0,0.0,normal
293,1185424,293,29.3,118542.4,4045.815699658703,1,7,1.0,0.0,0.0,0.0,normal
3,239,3,0.3,23.9,79.66666666666667,1,1,1.0,0.0,0.0,0.0,normal
2,132,2,0.2,13.2,66.0,1,1,1.0,0.0,0.0,0.0,normal
4,573,4,0.4,57.3,143.25,1,1,1.0,0.0,0.0,0.0,normal
700,38589,700,70.0,3858.9,55.12714285714286,1,1,1.0,0.0,0.0,0.0,normal
232,25148,232,23.2,2514.8,108.39655172413794,1,1,1.0,0.0,0.0,0.0,normal
11,2880,11,1.1,288.0,261.8181818181818,1,1,1.0,0.0,0.0,0.0,normal
8,10335,8,0.8,1033.5,1291.875,1,1,0.0,1.0,0.0,0.0,normal
657,2609404,657,65.7,260940.4,3971.6955859969557,2,7,0.9832572298325722,0.0167427701674277,0.0,0.0,normal
2,260,2,0.2,26.0,130.0,2,1,0.0,1.0,0.0,0.0,normal
459,25814,459,45.9,2581.4,56.239651416122,1,1,1.0,0.0,0.0,0.0,normal
1,54,1,0.1,5.4,54.0,1,1,1.0,0.0,0.0,0.0,normal
1,54,1,0.1,5.4,54.0,1,1,1.0,0.0,0.0,0.0,normal
440,27858,440,44.0,2785.8,63.31363636363636,1,1,1.0,0.0,0.0,0.0,normal
550,2637377,550,55.0,263737.7,4795.230909090909,2,7,0.9963636363636363,0.0036363636363636364,0.0,0.0,normal
2,206,2,0.2,20.6,103.0,2,1,0.0,1.0,0.0,0.0,normal
1,54,1,0.1,5.4,54.0,1,1,1.0,0.0,0.0,0.0,normal
14,8289,14,1.4,828.9,592.0714285714286,1,1,1.0,0.0,0.0,0.0,normal
2,132,2,0.2,13.2,66.0,1,1,1.0,0.0,0.0,0.0,normal
689,38303,689,68.9,3830.3,55.59216255442671,1,1,1.0,0.0,0.0,0.0,normal
1,54,1,0.1,5.4,54.0,1,1,1.0,0.0,0.0,0.0,normal
478,33048,478,47.8,3304.8,69.13807531380753,1,1,1.0,0.0,0.0,0.0,normal
1,67,1,0.1,6.7,67.0,1,1,0.0,1.0,0.0,0.0,normal
699,3317831,699,69.9,331783.1,4746.539341917024,1,6,0.9985693848354793,0.001430615164520744,0.0,0.0,normal
1,54,1,0.1,5.4,54.0,1,1,1.0,0.0,0.0,0.0,normal
213,12062,213,21.3,1206.2,56.629107981220656,1,1,1.0,0.0,0.0,0.0,normal
1,54,1,0.1,5.4,54.0,1,1,1.0,0.0,0.0,0.0,normal
262,18402,262,26.2,1840.2,70.23664122137404,1,1,1.0,0.0,0.0,0.0,normal
302,1266198,302,30.2,126619.8,4192.7086092715235,1,3,1.0,0.0,0.0,0.0,normal
2,132,2,0.2,13.2,66.0,1,1,1.0,0.0,0.0,0.0,normal
7,2014,7,0.7,201.4,287.7142857142857,1,1,1.0,0.0,0.0,0.0,normal
10,2176,10,1.0,217.6,217.6,1,1,1.0,0.0,0.0,0.0,normal
1,54,1,0.1,5.4,54.0,1,1,1.0,0.0,0.0,0.0,normal
1,54,1,0.1,5.4,54.0,1,1,1.0,0.0,0.0,0.0,normal
253,13842,253,25.3,1384.2,54.71146245059288,1,1,1.0,0.0,0.0,0.0,normal
17,5399,17,1.7,539.9,317.5882352941176,1,1,1.0,0.0,0.0,0.0,normal
278,644034,278,27.8,64403.4,2316.6690647482014,1,9,1.0,0.0,0.0,0.0,normal
2,108,2,0.2,10.8,54.0,1,1,1.0,0.0,0.0,0.0,normal
1,54,1,0.1,5.4,54.0,1,1,1.0,0.0,0.0,0.0,normal
2,133,2,0.2,13.3,66.5,1,1,1.0,0.0,0.0,0.0,normal
8,12144,8,0.8,1214.4,1518.0,1,1,1.0,0.0,0.0,0.0,normal
499,28133,499,49.9,2813.3,56.37875751503006,1,1,1.0,0.0,0.0,0.0,normal
5,7605,5,0.5,760.5,1521.0,1,1,1.0,0.0,0.0,0.0,normal
254,18382,254,25.4,1838.2,72.37007874015748,1,1,1.0,0.0,0.0,0.0,normal
1,54,1,0.1,5.4,54.0,1,1,1.0,0.0,0.0,0.0,normal
564,2040184,564,56.4,204018.4,3617.3475177304963,2,8,0.99822695035461,0.0017730496453900709,0.0,0.0,normal
1,489,1,0.1,48.9,489.0,1,1,0.0,1.0,0.0,0.0,normal
3,239,3,0.3,23.9,79.66666666666667,1,1,1.0,0.0,0.0,0.0,normal
2,132,2,0.2,13.2,66.0,1,1,1.0,0.0,0.0,0.0,normal
4,1231,4,0.4,123.1,307.75,1,1,1.0,0.0,0.0,0.0,normal
416,23014,416,41.6,2301.4,55.32211538461539,1,1,1.0,0.0,0.0,0.0,normal
1,54,1,0.1,5.4,54.0,1,1,1.0,0.0,0.0,0.0,normal
479,27720,479,47.9,2772.0,57.8705636743215,1,1,1.0,0.0,0.0,0.0,normal
8,9092,8,0.8,909.2,1136.5,1,1,0.0,1.0,0.0,0.0,normal
651,2475220,651,65.1,247522.0,3802.1812596006143,1,6,0.9831029185867896,0.016897081413210446,0.0,0.0,normal
351,19792,351,35.1,1979.2,56.38746438746439,1,1,1.0,0.0,0.0,0.0,normal
1,54,1,0.1,5.4,54.0,1,1,1.0,0.0,0.0,0.0,normal
1,54,1,0.1,5.4,54.0,1,1,1.0,0.0,0.0,0.0,normal
482,35913,482,48.2,3591.3,74.50829875518673,1,1,1.0,0.0,0.0,0.0,normal
4,331,4,0.4,33.1,82.75,1,1,0.0,1.0,0.0,0.0,normal
548,2202797,548,54.8,220279.7,4019.7025547445255,1,6,0.9945255474452555,0.005474452554744526,0.0,0.0,normal
1,54,1,0.1,5.4,54.0,1,1,1.0,0.0,0.0,0.0,normal
2,132,2,0.2,13.2,66.0,1,1,1.0,0.0,0.0,0.0,normal
575,32106,575,57.5,3210.6,55.83652173913043,1,1,1.0,0.0,0.0,0.0,normal
1,54,1,0.1,5.4,54.0,1,1,1.0,0.0,0.0,0.0,normal
420,29784,420,42.0,2978.4,70.91428571428571,1,1,1.0,0.0,0.0,0.0,normal
904,2584857,904,90.4,258485.7,2859.3550884955753,1,5,1.0,0.0,0.0,0.0,normal
1,54,1,0.1,5.4,54.0,1,1,1.0,0.0,0.0,0.0,normal
264,14914,264,26.4,1491.4,56.49242424242424,1,1,1.0,0.0,0.0,0.0,normal
1,54,1,0.1,5.4,54.0,1,1,1.0,0.0,0.0,0.0,normal
93,9256,93,9.3,925.6,99.52688172043011,1,1,1.0,0.0,0.0,0.0,normal
245,920416,245,24.5,92041.6,3756.8,1,3,1.0,0.0,0.0,0.0,normal
2,132,2,0.2,13.2,66.0,1,1,1.0,0.0,0.0,0.0,normal
3,240,3,0.3,24.0,80.0,1,1,1.0,0.0,0.0,0.0,normal
3,240,3,0.3,24.0,80.0,1,1,1.0,0.0,0.0,0.0,normal
1,54,1,0.1,5.4,54.0,1,1,1.0,0.0,0.0,0.0,normal
1,54,1,0.1,5.4,54.0,1,1,1.0,0.0,0.0,0.0,normal
1,54,1,0.1,5.4,54.0,1,1,1.0,0.0,0.0,0.0,normal
1,93,1,0.1,9.3,93.0,1,1,1.0,0.0,0.0,0.0,normal
15,1003,15,1.5,100.3,66.86666666666666,1,8,1.0,0.0,0.0,0.0,normal
2,108,2,0.2,10.8,54.0,1,1,1.0,0.0,0.0,0.0,normal
2,133,2,0.2,13.3,66.5,1,1,1.0,0.0,0.0,0.0,normal
1,54,1,0.1,5.4,54.0,1,1,1.0,0.0,0.0,0.0,normal
5,7605,5,0.5,760.5,1521.0,1,1,1.0,0.0,0.0,0.0,normal
1,54,1,0.1,5.4,54.0,1,1,1.0,0.0,0.0,0.0,normal
8,1155,8,0.8,115.5,144.375,1,5,1.0,0.0,0.0,0.0,normal
3,239,3,0.3,23.9,79.66666666666667,1,1,1.0,0.0,0.0,0.0,normal
2,132,2,0.2,13.2,66.0,1,1,1.0,0.0,0.0,0.0,normal
4,600,4,0.4,60.0,150.0,1,1,1.0,0.0,0.0,0.0,normal
1,54,1,0.1,5.4,54.0,1,1,1.0,0.0,0.0,0.0,normal
1,54,1,0.1,5.4,54.0,1,1,1.0,0.0,0.0,0.0,normal
6,6622,6,0.6,662.2,1103.6666666666667,1,1,0.0,1.0,0.0,0.0,normal
14,4910,14,1.4,491.0,350.7142857142857,1,5,0.5,0.5,0.0,0.0,normal
274,15813,274,27.4,1581.3,57.71167883211679,1,1,1.0,0.0,0.0,0.0,normal
1,54,1,0.1,5.4,54.0,1,1,1.0,0.0,0.0,0.0,normal
1,54,1,0.1,5.4,54.0,1,1,1.0,0.0,0.0,0.0,normal
266,16381,266,26.6,1638.1,61.58270676691729,1,1,1.0,0.0,0.0,0.0,normal
1,68,1,0.1,6.8,68.0,1,1,0.0,1.0,0.0,0.0,normal
389,1406500,389,38.9,140650.0,3615.681233933162,1,4,1.0,0.0,0.0,0.0,normal
2,132,2,0.2,13.2,66.0,1,1,1.0,0.0,0.0,0.0,normal
1,54,1,0.1,5.4,54.0,1,1,1.0,0.0,0.0,0.0,normal
1,54,1,0.1,5.4,54.0,1,1,1.0,0.0,0.0,0.0,normal
1,67,1,0.1,6.7,67.0,1,1,0.0,1.0,0.0,0.0,normal
6,533,6,0.6,53.3,88.83333333333333,2,6,0.6666666666666666,0.3333333333333333,0.0,0.0,normal
1,54,1,0.1,5.4,54.0,1,1,1.0,0.0,0.0,0.0,normal
1,54,1,0.1,5.4,54.0,1,1,1.0,0.0,0.0,0.0,normal
7,507,7,0.7,50.7,72.42857142857143,2,3,0.5714285714285714,0.42857142857142855,0.0,0.0,normal
3,813,3,0.3,81.3,271.0,3,1,0.0,1.0,0.0,0.0,normal
2,132,2,0.2,13.2,66.0,1,1,1.0,0.0,0.0,0.0,normal
1,66,1,0.1,6.6,66.0,1,1,1.0,0.0,0.0,0.0,normal
2,147,2,0.2,14.7,73.5,1,1,1.0,0.0,0.0,0.0,normal
2,147,2,0.2,14.7,73.5,1,1,1.0,0.0,0.0,0.0,normal
276,15311,276,27.6,1531.1,55.47463768115942,1,1,1.0,0.0,0.0,0.0,normal
1,54,1,0.1,5.4,54.0,1,1,1.0,0.0,0.0,0.0,normal
1,54,1,0.1,5.4,54.0,1,1,1.0,0.0,0.0,0.0,normal
256,15898,256,25.6,1589.8,62.1015625,1,1,1.0,0.0,0.0,0.0,normal
1,93,1,0.1,9.3,93.0,1,1,1.0,0.0,0.0,0.0,normal
96,330299,96,9.6,33029.9,3440.6145833333335,1,1,1.0,0.0,0.0,0.0,normal
1,298,1,0.1,29.8,298.0,1,1,0.0,1.0,0.0,0.0,normal
462,1399410,462,46.2,139941.0,3029.025974025974,3,13,0.9935064935064936,0.006493506493506494,0.0,0.0,normal
2,244,2,0.2,24.4,122.0,2,1,0.0,1.0,0.0,0.0,normal
2,133,2,0.2,13.3,66.5,1,1,1.0,0.0,0.0,0.0,normal
268,15370,268,26.8,1537.0,57.350746268656714,1,1,1.0,0.0,0.0,0.0,normal
262,23478,262,26.2,2347.8,89.61068702290076,1,1,1.0,0.0,0.0,0.0,normal
5,14144,5,0.5,1414.4,2828.8,1,1,1.0,0.0,0.0,0.0,normal
366,1396934,366,36.6,139693.4,3816.75956284153,1,5,1.0,0.0,0.0,0.0,normal
3,239,3,0.3,23.9,79.66666666666667,1,1,1.0,0.0,0.0,0.0,normal
1,54,1,0.1,5.4,54.0,1,1,1.0,0.0,0.0,0.0,normal
1,54,1,0.1,5.4,54.0,1,1,1.0,0.0,0.0,0.0,normal
6,7597,6,0.6,759.7,1266.1666666666667,1,1,1.0,0.0,0.0,0.0,normal
8,1126,8,0.8,112.6,140.75,1,2,1.0,0.0,0.0,0.0,normal
3,239,3,0.3,23.9,79.66666666666667,1,1,1.0,0.0,0.0,0.0,normal
2,132,2,0.2,13.2,66.0,1,1,1.0,0.0,0.0,0.0,normal
2,147,2,0.2,14.7,73.5,1,1,1.0,0.0,0.0,0.0,normal
1,54,1,0.1,5.4,54.0,1,1,1.0,0.0,0.0,0.0,normal
7,3013,7,0.7,301.3,430.42857142857144,1,4,0.7142857142857143,0.2857142857142857,0.0,0.0,normal
2,424,2,0.2,42.4,212.0,1,1,1.0,0.0,0.0,0.0,normal
1,54,1,0.1,5.4,54.0,1,1,1.0,0.0,0.0,0.0,normal
1,54,1,0.1,5.4,54.0,1,1,1.0,0.0,0.0,0.0,normal
1,54,1,0.1,5.4,54.0,1,1,1.0,0.0,0.0,0.0,normal
8,7941,8,0.8,794.1,992.625,1,1,0.0,1.0,0.0,0.0,normal
13,4766,13,1.3,476.6,366.61538461538464,1,5,0.3076923076923077,0.6923076923076923,0.0,0.0,normal
2,132,2,0.2,13.2,66.0,1,1,1.0,0.0,0.0,0.0,normal
2,154,2,0.2,15.4,77.0,1,1,1.0,0.0,0.0,0.0,normal
1,54,1,0.1,5.4,54.0,1,1,1.0,0.0,0.0,0.0,normal
1,93,1,0.1,9.3,93.0,1,1,1.0,0.0,0.0,0.0,normal
1,67,1,0.1,6.7,67.0,1,1,0.0,1.0,0.0,0.0,normal
1,66,1,0.1,6.6,66.0,1,1,1.0,0.0,0.0,0.0,normal
17,1267,17,1.7,126.7,74.52941176470588,3,10,0.8823529411764706,0.11764705882352941,0.0,0.0,normal
1,345,1,0.1,34.5,345.0,1,1,0.0,1.0,0.0,0.0,normal
2,147,2,0.2,14.7,73.5,1,1,1.0,0.0,0.0,0.0,normal
1,54,1,0.1,5.4,54.0,1,1,1.0,0.0,0.0,0.0,normal
5,361,5,0.5,36.1,72.2,1,1,1.0,0.0,0.0,0.0,normal
1,54,1,0.1,5.4,54.0,1,1,1.0,0.0,0.0,0.0,normal
1,54,1,0.1,5.4,54.0,1,1,1.0,0.0,0.0,0.0,normal
2,132,2,0.2,13.2,66.0,1,1,1.0,0.0,0.0,0.0,normal
8,735,8,0.8,73.5,91.875,1,1,1.0,0.0,0.0,0.0,normal
13,7305,13,1.3,730.5,561.9230769230769,2,1,1.0,0.0,0.0,0.0,normal
24,31546,24,2.4,3154.6,1314.4166666666667,2,1,1.0,0.0,0.0,0.0,normal
56,11249,56,5.6,1124.9,200.875,2,6,0.8928571428571429,0.10714285714285714,0.0,0.0,normal
6,1230,6,0.6,123.0,205.0,6,1,0.0,1.0,0.0,0.0,normal
17,16927,17,1.7,1692.7,995.7058823529412,1,1,1.0,0.0,0.0,0.0,normal
2,134,2,0.2,13.4,67.0,1,1,1.0,0.0,0.0,0.0,normal
267,14848,267,26.7,1484.8,55.61048689138577,1,1,1.0,0.0,0.0,0.0,normal
6,2076,6,0.6,207.6,346.0,1,1,1.0,0.0,0.0,0.0,normal
260,23353,260,26.0,2335.3,89.81923076923077,1,1,1.0,0.0,0.0,0.0,normal
1,54,1,0.1,5.4,54.0,1,1,1.0,0.0,0.0,0.0,normal
366,1393087,366,36.6,139308.7,3806.248633879781,1,6,1.0,0.0,0.0,0.0,normal
3,239,3,0.3,23.9,79.66666666666667,1,1,1.0,0.0,0.0,0.0,normal
2,132,2,0.2,13.2,66.0,1,1,1.0,0.0,0.0,0.0,normal
2,147,2,0.2,14.7,73.5,1,1,1.0,0.0,0.0,0.0,normal
7,753,7,0.7,75.3,107.57142857142857,1,1,1.0,0.0,0.0,0.0,normal
1,54,1,0.1,5.4,54.0,1,1,1.0,0.0,0.0,0.0,normal
1,54,1,0.1,5.4,54.0,1,1,1.0,0.0,0.0,0.0,normal
10,2311,10,1.0,231.1,231.1,1,5,1.0,0.0,0.0,0.0,normal
3,490,3,0.3,49.0,163.33333333333334,2,1,1.0,0.0,0.0,0.0,normal
1,54,1,0.1,5.4,54.0,1,1,1.0,0.0,0.0,0.0,normal
2,108,2,0.2,10.8,54.0,2,1,1.0,0.0,0.0,0.0,normal
9,2733,9,0.9,273.3,303.6666666666667,1,1,1.0,0.0,0.0,0.0,normal
59,14587,59,5.9,1458.7,247.23728813559322,2,1,0.8813559322033898,0.11864406779661017,0.0,0.0,normal
81,136941,81,8.1,13694.1,1690.6296296296296,2,7,0.8518518518518519,0.14814814814814814,0.0,0.0,normal
2,240,2,0.2,24.0,120.0,2,1,0.0,1.0,0.0,0.0,normal
1,54,1,0.1,5.4,54.0,1,1,1.0,0.0,0.0,0.0,normal
8,4408,8,0.8,440.8,551.0,1,1,1.0,0.0,0.0,0.0,normal
2,132,2,0.2,13.2,66.0,1,1,1.0,0.0,0.0,0.0,normal
2,154,2,0.2,15.4,77.0,1,1,1.0,0.0,0.0,0.0,normal
1,54,1,0.1,5.4,54.0,1,1,1.0,0.0,0.0,0.0,normal
9,2733,9,0.9,273.3,303.6666666666667,1,1,1.0,0.0,0.0,0.0,normal
382,158854,382,38.2,15885.4,415.848167539267,2,1,0.9973821989528796,0.002617801047120419,0.0,0.0,normal
265,159158,265,26.5,15915.8,600.5962264150943,2,10,0.9886792452830189,0.011320754716981131,0.0,0.0,normal
2,684,2,0.2,68.4,342.0,2,1,0.0,1.0,0.0,0.0,normal
1,93,1,0.1,9.3,93.0,1,1,1.0,0.0,0.0,0.0,normal
1,54,1,0.1,5.4,54.0,1,1,1.0,0.0,0.0,0.0,normal
15,5091,15,1.5,509.1,339.4,1,1,1.0,0.0,0.0,0.0,normal
1,54,1,0.1,5.4,54.0,1,1,1.0,0.0,0.0,0.0,normal
1,54,1,0.1,5.4,54.0,1,1,1.0,0.0,0.0,0.0,normal
1,54,1,0.1,5.4,54.0,1,1,1.0,0.0,0.0,0.0,normal
432,148408,432,43.2,14840.8,343.537037037037,1,1,1.0,0.0,0.0,0.0,normal
362,300793,362,36.2,30079.3,830.9198895027624,1,4,1.0,0.0,0.0,0.0,normal
2,132,2,0.2,13.2,66.0,1,1,1.0,0.0,0.0,0.0,normal
7,2014,7,0.7,201.4,287.7142857142857,1,1,1.0,0.0,0.0,0.0,normal
1,54,1,0.1,5.4,54.0,1,1,1.0,0.0,0.0,0.0,normal
9,2733,9,0.9,273.3,303.6666666666667,1,1,1.0,0.0,0.0,0.0,normal
262,77172,262,26.2,7717.2,294.5496183206107,1,1,1.0,0.0,0.0,0.0,normal
174,208473,174,17.4,20847.3,1198.1206896551723,1,5,1.0,0.0,0.0,0.0,normal
2,134,2,0.2,13.4,67.0,1,1,1.0,0.0,0.0,0.0,normal
1,1138,1,0.1,113.8,1138.0,1,1,1.0,0.0,0.0,0.0,normal
1,54,1,0.1,5.4,54.0,1,1,1.0,0.0,0.0,0.0,normal
7,7683,7,0.7,768.3,1097.5714285714287,2,1,1.0,0.0,0.0,0.0,normal
1,54,1,0.1,5.4,54.0,1,1,1.0,0.0,0.0,0.0,normal
389,148635,389,38.9,14863.5,382.09511568123395,1,1,1.0,0.0,0.0,0.0,normal
332,191053,332,33.2,19105.3,575.460843373494,2,9,0.9969879518072289,0.0030120481927710845,0.0,0.0,normal
1,489,1,0.1,48.9,489.0,1,1,0.0,1.0,0.0,0.0,normal
3,239,3,0.3,23.9,79.66666666666667,1,1,1.0,0.0,0.0,0.0,normal
1,54,1,0.1,5.4,54.0,1,1,1.0,0.0,0.0,0.0,normal
6,389,6,0.6,38.9,64.83333333333333,1,1,1.0,0.0,0.0,0.0,normal
1,54,1,0.1,5.4,54.0,1,1,1.0,0.0,0.0,0.0,normal
1,54,1,0.1,5.4,54.0,1,1,1.0,0.0,0.0,0.0,normal
1,54,1,0.1,5.4,54.0,1,1,1.0,0.0,0.0,0.0,normal
419,161026,419,41.9,16102.6,384.3102625298329,1,1,1.0,0.0,0.0,0.0,normal
348,192940,348,34.8,19294.0,554.4252873563219,1,6,1.0,0.0,0.0,0.0,normal
23,6210,23,2.3,621.0,270.0,2,1,1.0,0.0,0.0,0.0,normal
205,90440,205,20.5,9044.0,441.1707317073171,2,1,1.0,0.0,0.0,0.0,normal
4,247,4,0.4,24.7,61.75,1,1,1.0,0.0,0.0,0.0,normal
1,54,1,0.1,5.4,54.0,1,1,1.0,0.0,0.0,0.0,normal
16,5757,16,1.6,575.7,359.8125,1,1,1.0,0.0,0.0,0.0,normal
26,8145,26,2.6,814.5,313.2692307692308,1,1,1.0,0.0,0.0,0.0,normal
15,9004,15,1.5,900.4,600.2666666666667,3,1,0.4666666666666667,0.5333333333333333,0.0,0.0,normal
236,233942,236,23.6,23394.2,991.2796610169491,1,9,0.9703389830508474,0.029661016949152543,0.0,0.0,normal
2,108,2,0.2,10.8,54.0,1,1,1.0,0.0,0.0,0.0,normal
2,108,2,0.2,10.8,54.0,1,1,1.0,0.0,0.0,0.0,normal
204,117583,204,20.4,11758.3,576.3872549019608,1,1,1.0,0.0,0.0,0.0,normal
1,54,1,0.1,5.4,54.0,1,1,1.0,0.0,0.0,0.0,normal
2,108,2,0.2,10.8,54.0,2,1,1.0,0.0,0.0,0.0,normal
1,67,1,0.1,6.7,67.0,1,1,0.0,1.0,0.0,0.0,normal
197,10673,197,19.7,1067.3,54.17766497461929,1,5,0.9949238578680203,0.005076142131979695,0.0,0.0,normal
1,54,1,0.1,5.4,54.0,1,1,1.0,0.0,0.0,0.0,normal
2,132,2,0.2,13.2,66.0,1,1,1.0,0.0,0.0,0.0,normal
2,108,2,0.2,10.8,54.0,1,1,1.0,0.0,0.0,0.0,normal
1,54,1,0.1,5.4,54.0,1,1,1.0,0.0,0.0,0.0,normal
1,54,1,0.1,5.4,54.0,1,1,1.0,0.0,0.0,0.0,normal
8,1002,8,0.8,100.2,125.25,1,1,1.0,0.0,0.0,0.0,normal
14,11692,14,1.4,1169.2,835.1428571428571,1,5,1.0,0.0,0.0,0.0,normal
2,147,2,0.2,14.7,73.5,1,1,1.0,0.0,0.0,0.0,normal
1,54,1,0.1,5.4,54.0,1,1,1.0,0.0,0.0,0.0,normal
10,1120,10,1.0,112.0,112.0,1,1,1.0,0.0,0.0,0.0,normal
11,11243,11,1.1,1124.3,1022.0909090909091,1,3,1.0,0.0,0.0,0.0,normal
2,132,2,0.2,13.2,66.0,1,1,1.0,0.0,0.0,0.0,normal
2,134,2,0.2,13.4,67.0,1,1,1.0,0.0,0.0,0.0,normal
1,54,1,0.1,5.4,54.0,1,1,1.0,0.0,0.0,0.0,normal
7,8308,7,0.7,830.8,1186.857142857143,2,1,1.0,0.0,0.0,0.0,normal
1,54,1,0.1,5.4,54.0,1,1,1.0,0.0,0.0,0.0,normal
1,230,1,0.1,23.0,230.0,1,1,0.0,1.0,0.0,0.0,normal
12,1588,12,1.2,158.8,132.33333333333334,2,7,0.9166666666666666,0.08333333333333333,0.0,0.0,normal
3,239,3,0.3,23.9,79.66666666666667,1,1,1.0,0.0,0.0,0.0,normal
95,5226,95,9.5,522.6,55.01052631578948,1,1,1.0,0.0,0.0,0.0,normal
1,54,1,0.1,5.4,54.0,1,1,1.0,0.0,0.0,0.0,normal
130,7188,130,13.0,718.8,55.292307692307695,2,1,1.0,0.0,0.0,0.0,normal
212,531396,212,21.2,53139.6,2506.5849056603774,1,3,1.0,0.0,0.0,0.0,normal
4,279,4,0.4,27.9,69.75,2,1,1.0,0.0,0.0,0.0,normal
185,96285,185,18.5,9628.5,520.4594594594595,2,1,1.0,0.0,0.0,0.0,normal
415,29046,415,41.5,2904.6,69.99036144578314,1,1,1.0,0.0,0.0,0.0,normal
401,23858,401,40.1,2385.8,59.49625935162095,1,1,1.0,0.0,0.0,0.0,normal
1,93,1,0.1,9.3,93.0,1,1,1.0,0.0,0.0,0.0,normal
7,7889,7,0.7,788.9,1127.0,1,1,0.0,1.0,0.0,0.0,normal
654,1719185,654,65.4,171918.5,2628.723241590214,2,7,0.9847094801223242,0.01529051987767584,0.0,0.0,normal
2,422,2,0.2,42.2,211.0,2,1,0.0,1.0,0.0,0.0,normal
264,139846,264,26.4,13984.6,529.719696969697,1,1,1.0,0.0,0.0,0.0,normal
523,29448,523,52.3,2944.8,56.30592734225621,1,1,1.0,0.0,0.0,0.0,normal
1,54,1,0.1,5.4,54.0,1,1,1.0,0.0,0.0,0.0,normal
5,2227,5,0.5,222.7,445.4,2,1,1.0,0.0,0.0,0.0,normal
1,67,1,0.1,6.7,67.0,1,1,0.0,1.0,0.0,0.0,normal
562,945344,562,56.2,94534.4,1682.1067615658362,1,6,0.998220640569395,0.0017793594306049821,0.0,0.0,normal
1,54,1,0.1,5.4,54.0,1,1,1.0,0.0,0.0,0.0,normal
2,132,2,0.2,13.2,66.0,1,1,1.0,0.0,0.0,0.0,normal
226,122803,226,22.6,12280.3,543.3761061946902,2,1,1.0,0.0,0.0,0.0,normal
1,54,1,0.1,5.4,54.0,1,1,1.0,0.0,0.0,0.0,normal
2,108,2,0.2,10.8,54.0,2,1,1.0,0.0,0.0,0.0,normal
1,66,1,0.1,6.6,66.0,1,1,1.0,0.0,0.0,0.0,normal
213,226642,213,21.3,22664.2,1064.0469483568074,2,6,0.9953051643192489,0.004694835680751174,0.0,0.0,normal
1,489,1,0.1,48.9,489.0,1,1,0.0,1.0,0.0,0.0,normal
642,326770,642,64.2,32677.0,508.98753894080994,1,1,1.0,0.0,0.0,0.0,normal
2,147,2,0.2,14.7,73.5,1,1,1.0,0.0,0.0,0.0,normal
2,147,2,0.2,14.7,73.5,1,1,1.0,0.0,0.0,0.0,normal
536,29022,536,53.6,2902.2,54.1455223880597,1,4,1.0,0.0,0.0,0.0,normal
2,132,2,0.2,13.2,66.0,1,1,1.0,0.0,0.0,0.0,normal
1,66,1,0.1,6.6,66.0,1,1,1.0,0.0,0.0,0.0,normal
12,5244,12,1.2,524.4,437.0,2,1,1.0,0.0,0.0,0.0,normal
2,134,2,0.2,13.4,67.0,1,1,1.0,0.0,0.0,0.0,normal
1,54,1,0.1,5.4,54.0,1,1,1.0,0.0,0.0,0.0,normal
1,54,1,0.1,5.4,54.0,1,1,1.0,0.0,0.0,0.0,normal
7,7771,7,0.7,777.1,1110.142857142857,2,1,1.0,0.0,0.0,0.0,normal
104,344688,104,10.4,34468.8,3314.3076923076924,1,1,1.0,0.0,0.0,0.0,normal
92,20579,92,9.2,2057.9,223.68478260869566,1,1,1.0,0.0,0.0,0.0,normal
188,231760,188,18.8,23176.0,1232.7659574468084,2,11,0.9893617021276596,0.010638297872340425,0.0,0.0,normal
2,244,2,0.2,24.4,122.0,2,1,0.0,1.0,0.0,0.0,normal
3,239,3,0.3,23.9,79.66666666666667,1,1,1.0,0.0,0.0,0.0,normal
1,54,1,0.1,5.4,54.0,1,1,1.0,0.0,0.0,0.0,normal
1,54,1,0.1,5.4,54.0,1,1,1.0,0.0,0.0,0.0,normal
132,7284,132,13.2,728.4,55.18181818181818,1,1,1.0,0.0,0.0,0.0,normal
89,225831,89,8.9,22583.1,2537.4269662921347,1,3,1.0,0.0,0.0,0.0,normal
3,225,3,0.3,22.5,75.0,2,1,1.0,0.0,0.0,0.0,normal
4,577,4,0.4,57.7,144.25,1,1,1.0,0.0,0.0,0.0,normal
1,54,1,0.1,5.4,54.0,1,1,1.0,0.0,0.0,0.0,normal
1,93,1,0.1,9.3,93.0,1,1,1.0,0.0,0.0,0.0,normal
568,323762,568,56.8,32376.2,570.0035211267606,2,1,0.9841549295774648,0.01584507042253521,0.0,0.0,normal
516,34575,516,51.6,3457.5,67.00581395348837,1,5,0.9825581395348837,0.01744186046511628,0.0,0.0,normal
1,54,1,0.1,5.4,54.0,1,1,1.0,0.0,0.0,0.0,normal
1,54,1,0.1,5.4,54.0,1,1,1.0,0.0,0.0,0.0,normal
2,108,2,0.2,10.8,54.0,2,1,1.0,0.0,0.0,0.0,normal
98,49689,98,9.8,4968.9,507.03061224489795,2,1,0.9897959183673469,0.01020408163265306,0.0,0.0,normal
99,5409,99,9.9,540.9,54.63636363636363,1,6,0.98989898989899,0.010101010101010102,0.0,0.0,normal
2,132,2,0.2,13.2,66.0,1,1,1.0,0.0,0.0,0.0,normal
1,54,1,0.1,5.4,54.0,1,1,1.0,0.0,0.0,0.0,normal
2,132,2,0.2,13.2,66.0,1,1,1.0,0.0,0.0,0.0,normal
1,54,1,0.1,5.4,54.0,1,1,1.0,0.0,0.0,0.0,normal
1,54,1,0.1,5.4,54.0,1,1,1.0,0.0,0.0,0.0,normal
3,190,3,0.3,19.0,63.333333333333336,1,3,1.0,0.0,0.0,0.0,normal
4,240,4,0.4,24.0,60.0,1,1,1.0,0.0,0.0,0.0,normal
2,108,2,0.2,10.8,54.0,1,1,1.0,0.0,0.0,0.0,normal
3,162,3,0.3,16.2,54.0,2,1,1.0,0.0,0.0,0.0,normal
1,93,1,0.1,9.3,93.0,1,1,1.0,0.0,0.0,0.0,normal
12,822,12,1.2,82.2,68.5,1,4,1.0,0.0,0.0,0.0,normal
2,132,2,0.2,13.2,66.0,1,1,1.0,0.0,0.0,0.0,normal
2,134,2,0.2,13.4,67.0,1,1,1.0,0.0,0.0,0.0,normal
2,108,2,0.2,10.8,54.0,1,1,1.0,0.0,0.0,0.0,normal
5,7678,5,0.5,767.8,1535.6,1,1,1.0,0.0,0.0,0.0,normal
1,54,1,0.1,5.4,54.0,1,1,1.0,0.0,0.0,0.0,normal
153,20901,153,15.3,2090.1,136.6078431372549,1,1,1.0,0.0,0.0,0.0,normal
9,8360,9,0.9,836.0,928.8888888888889,2,1,1.0,0.0,0.0,0.0,normal
139,456245,139,13.9,45624.5,3282.338129496403,2,1,1.0,0.0,0.0,0.0,normal
2,132,2,0.2,13.2,66.0,2,1,1.0,0.0,0.0,0.0,normal
2,132,2,0.2,13.2,66.0,2,1,1.0,0.0,0.0,0.0,normal
254,251368,254,25.4,25136.8,989.6377952755905,2,13,0.9763779527559056,0.023622047244094488,0.0,0.0,normal
6,898,6,0.6,89.8,149.66666666666666,6,1,0.0,1.0,0.0,0.0,normal
13,14011,13,1.3,1401.1,1077.7692307692307,1,1,1.0,0.0,0.0,0.0,normal
3,239,3,0.3,23.9,79.66666666666667,1,1,1.0,0.0,0.0,0.0,normal
2,108,2,0.2,10.8,54.0,1,1,1.0,0.0,0.0,0.0,normal
259,73071,259,25.9,7307.1,282.12741312741315,1,1,1.0,0.0,0.0,0.0,normal
197,241923,197,19.7,24192.3,1228.0355329949239,1,2,1.0,0.0,0.0,0.0,normal
2,132,2,0.2,13.2,66.0,1,1,1.0,0.0,0.0,0.0,normal
98,6974,98,9.8,697.4,71.16326530612245,2,1,1.0,0.0,0.0,0.0,normal
1,54,1,0.1,5.4,54.0,1,1,1.0,0.0,0.0,0.0,normal
1,93,1,0.1,9.3,93.0,1,1,1.0,0.0,0.0,0.0,normal
147,20730,147,14.7,2073.0,141.0204081632653,3,1,0.9319727891156463,0.06802721088435375,0.0,0.0,normal
185,485258,185,18.5,48525.8,2623.0162162162164,1,5,0.9513513513513514,0.04864864864864865,0.0,0.0,normal
83,96176,83,8.3,9617.6,1158.7469879518073,1,1,1.0,0.0,0.0,0.0,normal
1,54,1,0.1,5.4,54.0,1,1,1.0,0.0,0.0,0.0,normal
1,67,1,0.1,6.7,67.0,1,1,0.0,1.0,0.0,0.0,normal
4,307,4,0.4,30.7,76.75,1,1,1.0,0.0,0.0,0.0,normal
77,4379,77,7.7,437.9,56.87012987012987,3,8,0.974025974025974,0.025974025974025976,0.0,0.0,normal
1,345,1,0.1,34.5,345.0,1,1,0.0,1.0,0.0,0.0,normal
3,186,3,0.3,18.6,62.0,1,1,1.0,0.0,0.0,0.0,normal
1,54,1,0.1,5.4,54.0,1,1,1.0,0.0,0.0,0.0,normal
1,66,1,0.1,6.6,66.0,1,1,1.0,0.0,0.0,0.0,normal
2,132,2,0.2,13.2,66.0,1,1,1.0,0.0,0.0,0.0,normal
262,83631,262,26.2,8363.1,319.2022900763359,1,1,1.0,0.0,0.0,0.0,normal
2,108,2,0.2,10.8,54.0,1,1,1.0,0.0,0.0,0.0,normal
196,252590,196,19.6,25259.0,1288.7244897959183,1,3,1.0,0.0,0.0,0.0,normal
190,95584,190,19.0,9558.4,503.0736842105263,1,1,1.0,0.0,0.0,0.0,normal
1,54,1,0.1,5.4,54.0,1,1,1.0,0.0,0.0,0.0,normal
189,10218,189,18.9,1021.8,54.06349206349206,1,2,1.0,0.0,0.0,0.0,normal
2,132,2,0.2,13.2,66.0,1,1,1.0,0.0,0.0,0.0,normal
231,58331,231,23.1,5833.1,252.5151515151515,1,1,1.0,0.0,0.0,0.0,normal
2,134,2,0.2,13.4,67.0,1,1,1.0,0.0,0.0,0.0,normal
6,5888,6,0.6,588.8,981.3333333333334,1,1,1.0,0.0,0.0,0.0,normal
30,45487,30,3.0,4548.7,1516.2333333333333,2,1,1.0,0.0,0.0,0.0,normal
1,54,1,0.1,5.4,54.0,1,1,1.0,0.0,0.0,0.0,normal
1,54,1,0.1,5.4,54.0,1,1,1.0,0.0,0.0,0.0,normal
1,54,1,0.1,5.4,54.0,1,1,1.0,0.0,0.0,0.0,normal
199,258308,199,19.9,25830.8,1298.0301507537688,2,10,0.9899497487437185,0.010050251256281407,0.0,0.0,normal
2,538,2,0.2,53.8,269.0,2,1,0.0,1.0,0.0,0.0,normal
3,239,3,0.3,23.9,79.66666666666667,1,1,1.0,0.0,0.0,0.0,normal
426,144831,426,42.6,14483.1,339.9788732394366,1,1,1.0,0.0,0.0,0.0,normal
345,455581,345,34.5,45558.1,1320.5246376811594,1,1,1.0,0.0,0.0,0.0,normal
2,132,2,0.2,13.2,66.0,1,1,1.0,0.0,0.0,0.0,normal
375,169138,375,37.5,16913.8,451.0346666666667,2,1,1.0,0.0,0.0,0.0,normal
1,54,1,0.1,5.4,54.0,1,1,1.0,0.0,0.0,0.0,normal
1,54,1,0.1,5.4,54.0,1,1,1.0,0.0,0.0,0.0,normal
11,2880,11,1.1,288.0,261.8181818181818,1,1,1.0,0.0,0.0,0.0,normal
7,6689,7,0.7,668.9,955.5714285714286,1,1,0.0,1.0,0.0,0.0,normal
284,80882,284,28.4,8088.2,284.7957746478873,2,7,0.9683098591549296,0.03169014084507042,0.0,0.0,normal
2,260,2,0.2,26.0,130.0,2,1,0.0,1.0,0.0,0.0,normal
8,2352,8,0.8,235.2,294.0,1,1,1.0,0.0,0.0,0.0,normal
400,140204,400,40.0,14020.4,350.51,1,1,1.0,0.0,0.0,0.0,normal
13,9778,13,1.3,977.8,752.1538461538462,2,1,0.5384615384615384,0.46153846153846156,0.0,0.0,normal
1,54,1,0.1,5.4,54.0,1,1,1.0,0.0,0.0,0.0,normal
1,54,1,0.1,5.4,54.0,1,1,1.0,0.0,0.0,0.0,normal
31,9508,31,3.1,950.8,306.7096774193548,1,1,1.0,0.0,0.0,0.0,normal
25,17284,25,2.5,1728.4,691.36,3,1,0.0,1.0,0.0,0.0,normal
402,308956,402,40.2,30895.6,768.5472636815921,1,8,0.9079601990049752,0.09203980099502487,0.0,0.0,normal
1,54,1,0.1,5.4,54.0,1,1,1.0,0.0,0.0,0.0,normal
1,54,1,0.1,5.4,54.0,1,1,1.0,0.0,0.0,0.0,normal
2,132,2,0.2,13.2,66.0,1,1,1.0,0.0,0.0,0.0,normal
307,144161,307,30.7,14416.1,469.5798045602606,1,1,1.0,0.0,0.0,0.0,normal
10,1822,10,1.0,182.2,182.2,2,1,0.1,0.9,0.0,0.0,normal
24,14670,24,2.4,1467.0,611.25,2,1,0.0,1.0,0.0,0.0,normal
313,66869,313,31.3,6686.9,213.63897763578274,1,4,0.8977635782747604,0.08945686900958466,0.012779552715654952,0.0,normal
148,11676,148,14.8,1167.6,78.89189189189189,1,1,1.0,0.0,0.0,0.0,normal
1,54,1,0.1,5.4,54.0,1,1,1.0,0.0,0.0,0.0,normal
1,54,1,0.1,5.4,54.0,1,1,1.0,0.0,0.0,0.0,normal
11,3478,11,1.1,347.8,316.1818181818182,1,1,1.0,0.0,0.0,0.0,normal
3,680,3,0.3,68.0,226.66666666666666,1,1,0.0,1.0,0.0,0.0,normal
87,214501,87,8.7,21450.1,2465.5287356321837,1,5,0.9655172413793104,0.0,0.034482758620689655,0.0,normal
14,13253,14,1.4,1325.3,946.6428571428571,1,1,1.0,0.0,0.0,0.0,normal
2,132,2,0.2,13.2,66.0,1,1,1.0,0.0,0.0,0.0,normal
589,1479775,589,58.9,147977.5,2512.3514431239387,3,1,1.0,0.0,0.0,0.0,normal
2,134,2,0.2,13.4,67.0,1,1,1.0,0.0,0.0,0.0,normal
1,54,1,0.1,5.4,54.0,1,1,1.0,0.0,0.0,0.0,normal
5,7669,5,0.5,766.9,1533.8,1,1,1.0,0.0,0.0,0.0,normal
29,8863,29,2.9,886.3,305.62068965517244,1,1,1.0,0.0,0.0,0.0,normal
1,54,1,0.1,5.4,54.0,1,1,1.0,0.0,0.0,0.0,normal
8,4833,8,0.8,483.3,604.125,1,1,1.0,0.0,0.0,0.0,normal
1,54,1,0.1,5.4,54.0,1,1,1.0,0.0,0.0,0.0,normal
1,54,1,0.1,5.4,54.0,1,1,1.0,0.0,0.0,0.0,normal
553,51128,553,55.3,5112.8,92.45569620253164,2,13,0.9981916817359855,0.0018083182640144665,0.0,0.0,normal
1,489,1,0.1,48.9,489.0,1,1,0.0,1.0,0.0,0.0,normal
3,239,3,0.3,23.9,79.66666666666667,1,1,1.0,0.0,0.0,0.0,normal
2,132,2,0.2,13.2,66.0,1,1,1.0,0.0,0.0,0.0,normal
283,93933,283,28.3,9393.3,331.9187279151943,2,1,1.0,0.0,0.0,0.0,normal
1,54,1,0.1,5.4,54.0,1,1,1.0,0.0,0.0,0.0,normal
1,54,1,0.1,5.4,54.0,1,1,1.0,0.0,0.0,0.0,normal
1,66,1,0.1,6.6,66.0,1,1,1.0,0.0,0.0,0.0,normal
218,275734,218,21.8,27573.4,1264.834862385321,2,6,0.9908256880733946,0.009174311926605505,0.0,0.0,normal
2,240,2,0.2,24.0,120.0,2,1,0.0,1.0,0.0,0.0,normal
2,147,2,0.2,14.7,73.5,1,1,1.0,0.0,0.0,0.0,normal
708,360637,708,70.8,36063.7,509.3742937853107,1,1,1.0,0.0,0.0,0.0,normal
1,93,1,0.1,9.3,93.0,1,1,1.0,0.0,0.0,0.0,normal
1,54,1,0.1,5.4,54.0,1,1,1.0,0.0,0.0,0.0,normal
1,54,1,0.1,5.4,54.0,1,1,1.0,0.0,0.0,0.0,normal
664,35934,664,66.4,3593.4,54.11746987951807,1,6,1.0,0.0,0.0,0.0,normal
1,54,1,0.1,5.4,54.0,1,1,1.0,0.0,0.0,0.0,normal
2,132,2,0.2,13.2,66.0,1,1,1.0,0.0,0.0,0.0,normal
174,35281,174,17.4,3528.1,202.76436781609195,2,1,1.0,0.0,0.0,0.0,normal
10,5338,10,1.0,533.8,533.8,1,1,1.0,0.0,0.0,0.0,normal
133,273999,133,13.3,27399.9,2060.1428571428573,1,3,1.0,0.0,0.0,0.0,normal
2,147,2,0.2,14.7,73.5,1,1,1.0,0.0,0.0,0.0,normal
755,359121,755,75.5,35912.1,475.6569536423841,1,1,1.0,0.0,0.0,0.0,normal
1056,65189,1056,105.6,6518.9,61.73200757575758,2,1,1.0,0.0,0.0,0.0,normal
9,6929,9,0.9,692.9,769.8888888888889,1,1,1.0,0.0,0.0,0.0,normal
4,864,4,0.4,86.4,216.0,1,1,1.0,0.0,0.0,0.0,normal
1080,2116979,1080,108.0,211697.9,1960.1657407407408,2,7,0.9944444444444445,0.005555555555555556,0.0,0.0,normal
6,1170,6,0.6,117.0,195.0,6,1,0.0,1.0,0.0,0.0,normal
16,16872,16,1.6,1687.2,1054.5,1,1,1.0,0.0,0.0,0.0,normal
2,132,2,0.2,13.2,66.0,1,1,1.0,0.0,0.0,0.0,normal
643,333035,643,64.3,33303.5,517.9393468118196,3,1,1.0,0.0,0.0,0.0,normal
6,389,6,0.6,38.9,64.83333333333333,1,1,1.0,0.0,0.0,0.0,normal
37,20052,37,3.7,2005.2,541.9459459459459,4,1,1.0,0.0,0.0,0.0,normal
1048,68476,1048,104.8,6847.6,65.33969465648855,2,1,1.0,0.0,0.0,0.0,normal
32,9558,32,3.2,955.8,298.6875,1,1,1.0,0.0,0.0,0.0,normal
1,54,1,0.1,5.4,54.0,1,1,1.0,0.0,0.0,0.0,normal
1097,2239204,1097,109.7,223920.4,2041.2069279854147,1,9,1.0,0.0,0.0,0.0,normal
13,9580,13,1.3,958.0,736.9230769230769,1,1,1.0,0.0,0.0,0.0,normal
3,239,3,0.3,23.9,79.66666666666667,1,1,1.0,0.0,0.0,0.0,normal
152,11957,152,15.2,1195.7,78.66447368421052,1,1,1.0,0.0,0.0,0.0,normal
1055,58771,1055,105.5,5877.1,55.70710900473934,2,1,1.0,0.0,0.0,0.0,normal
1,54,1,0.1,5.4,54.0,1,1,1.0,0.0,0.0,0.0,normal
274,14796,274,27.4,1479.6,54.0,1,1,1.0,0.0,0.0,0.0,normal
1,54,1,0.1,5.4,54.0,1,1,1.0,0.0,0.0,0.0,normal
1,54,1,0.1,5.4,54.0,1,1,1.0,0.0,0.0,0.0,normal
758,4705317,758,75.8,470531.7,6207.542216358839,1,6,1.0,0.0,0.0,0.0,normal
2,132,2,0.2,13.2,66.0,1,1,1.0,0.0,0.0,0.0,normal
5,3098,5,0.5,309.8,619.6,2,1,1.0,0.0,0.0,0.0,normal
784,43207,784,78.4,4320.7,55.110969387755105,1,1,1.0,0.0,0.0,0.0,normal
1,54,1,0.1,5.4,54.0,1,1,1.0,0.0,0.0,0.0,normal
534,33744,534,53.4,3374.4,63.19101123595506,1,1,1.0,0.0,0.0,0.0,normal
1017,3533366,1017,101.7,353336.6,3474.3028515240903,1,6,1.0,0.0,0.0,0.0,normal
1,54,1,0.1,5.4,54.0,1,1,1.0,0.0,0.0,0.0,normal
1,93,1,0.1,9.3,93.0,1,1,1.0,0.0,0.0,0.0,normal
1,93,1,0.1,9.3,93.0,1,1,1.0,0.0,0.0,0.0,normal
362,20515,362,36.2,2051.5,56.671270718232044,2,1,1.0,0.0,0.0,0.0,normal
271,23778,271,27.1,2377.8,87.74169741697418,1,1,1.0,0.0,0.0,0.0,normal
399,1618169,399,39.9,161816.9,4055.561403508772,1,6,1.0,0.0,0.0,0.0,normal
4,279,4,0.4,27.9,69.75,1,1,1.0,0.0,0.0,0.0,normal
1,54,1,0.1,5.4,54.0,1,1,1.0,0.0,0.0,0.0,normal
2,132,2,0.2,13.2,66.0,1,1,1.0,0.0,0.0,0.0,normal
9,872,9,0.9,87.2,96.88888888888889,1,1,1.0,0.0,0.0,0.0,normal
1,54,1,0.1,5.4,54.0,1,1,1.0,0.0,0.0,0.0,normal
2,687,2,0.2,68.7,343.5,1,1,1.0,0.0,0.0,0.0,normal
2,425,2,0.2,42.5,212.5,1,1,1.0,0.0,0.0,0.0,normal
16,4956,16,1.6,495.6,309.75,2,7,0.875,0.125,0.0,0.0,normal
2,588,2,0.2,58.8,294.0,2,1,0.0,1.0,0.0,0.0,normal
1,93,1,0.1,9.3,93.0,1,1,1.0,0.0,0.0,0.0,normal
386,129155,386,38.6,12915.5,334.5984455958549,1,1,1.0,0.0,0.0,0.0,normal
1,54,1,0.1,5.4,54.0,1,1,1.0,0.0,0.0,0.0,normal
1,54,1,0.1,5.4,54.0,1,1,1.0,0.0,0.0,0.0,normal
1,54,1,0.1,5.4,54.0,1,1,1.0,0.0,0.0,0.0,normal
322,295470,322,32.2,29547.0,917.6086956521739,1,7,1.0,0.0,0.0,0.0,normal
1,54,1,0.1,5.4,54.0,1,1,1.0,0.0,0.0,0.0,normal
2,132,2,0.2,13.2,66.0,1,1,1.0,0.0,0.0,0.0,normal
1,66,1,0.1,6.6,66.0,1,1,1.0,0.0,0.0,0.0,normal
746,371768,746,74.6,37176.8,498.3485254691689,3,1,1.0,0.0,0.0,0.0,normal
2,133,2,0.2,13.3,66.5,1,1,1.0,0.0,0.0,0.0,normal
299,24103,299,29.9,2410.3,80.61204013377926,2,1,1.0,0.0,0.0,0.0,normal
260,16532,260,26.0,1653.2,63.58461538461538,1,1,1.0,0.0,0.0,0.0,normal
65,200377,65,6.5,20037.7,3082.723076923077,1,1,1.0,0.0,0.0,0.0,normal
1073,1543457,1073,107.3,154345.7,1438.4501397949673,2,9,0.9981360671015843,0.001863932898415657,0.0,0.0,normal
2,244,2,0.2,24.4,122.0,2,1,0.0,1.0,0.0,0.0,normal
3,239,3,0.3,23.9,79.66666666666667,1,1,1.0,0.0,0.0,0.0,normal
2,108,2,0.2,10.8,54.0,1,1,1.0,0.0,0.0,0.0,normal
286,16304,286,28.6,1630.4,57.00699300699301,1,1,1.0,0.0,0.0,0.0,normal
1,54,1,0.1,5.4,54.0,1,1,1.0,0.0,0.0,0.0,normal
520,31138,520,52.0,3113.8,59.88076923076923,1,1,1.0,0.0,0.0,0.0,normal
1,54,1,0.1,5.4,54.0,1,1,1.0,0.0,0.0,0.0,normal
1,54,1,0.1,5.4,54.0,1,1,1.0,0.0,0.0,0.0,normal
432,2142329,432,43.2,214232.9,4959.094907407408,1,6,1.0,0.0,0.0,0.0,normal
2,132,2,0.2,13.2,66.0,1,1,1.0,0.0,0.0,0.0,normal
380,21214,380,38.0,2121.4,55.82631578947368,2,1,1.0,0.0,0.0,0.0,normal
1,54,1,0.1,5.4,54.0,1,1,1.0,0.0,0.0,0.0,normal
248,17224,248,24.8,1722.4,69.45161290322581,1,1,1.0,0.0,0.0,0.0,normal
412,1762264,412,41.2,176226.4,4277.339805825242,1,5,1.0,0.0,0.0,0.0,normal
2,108,2,0.2,10.8,54.0,1,1,1.0,0.0,0.0,0.0,normal
2,108,2,0.2,10.8,54.0,1,1,1.0,0.0,0.0,0.0,normal
2,108,2,0.2,10.8,54.0,1,1,1.0,0.0,0.0,0.0,normal
497,28057,497,49.7,2805.7,56.45271629778672,2,1,1.0,0.0,0.0,0.0,normal
283,15450,283,28.3,1545.0,54.59363957597173,1,1,1.0,0.0,0.0,0.0,normal
681,1997839,681,68.1,199783.9,2933.684287812041,1,6,1.0,0.0,0.0,0.0,normal
2,132,2,0.2,13.2,66.0,1,1,1.0,0.0,0.0,0.0,normal
1,54,1,0.1,5.4,54.0,1,1,1.0,0.0,0.0,0.0,normal
2,132,2,0.2,13.2,66.0,1,1,1.0,0.0,0.0,0.0,normal
74,4152,74,7.4,415.2,56.108108108108105,1,1,1.0,0.0,0.0,0.0,normal
7,855,7,0.7,85.5,122.14285714285714,1,1,1.0,0.0,0.0,0.0,normal
1,54,1,0.1,5.4,54.0,1,1,1.0,0.0,0.0,0.0,normal
5,2550,5,0.5,255.0,510.0,1,1,1.0,0.0,0.0,0.0,normal
1,93,1,0.1,9.3,93.0,1,1,1.0,0.0,0.0,0.0,normal
4,572,4,0.4,57.2,143.0,1,1,1.0,0.0,0.0,0.0,normal
82,170720,82,8.2,17072.0,2081.951219512195,1,7,1.0,0.0,0.0,0.0,normal
2,108,2,0.2,10.8,54.0,1,1,1.0,0.0,0.0,0.0,normal
399,202717,399,39.9,20271.7,508.062656641604,3,1,1.0,0.0,0.0,0.0,normal
1,54,1,0.1,5.4,54.0,1,1,1.0,0.0,0.0,0.0,normal
1,54,1,0.1,5.4,54.0,1,1,1.0,0.0,0.0,0.0,normal
1,54,1,0.1,5.4,54.0,1,1,1.0,0.0,0.0,0.0,normal
335,138800,335,33.5,13880.0,414.32835820895525,1,5,1.0,0.0,0.0,0.0,normal
2,132,2,0.2,13.2,66.0,1,1,1.0,0.0,0.0,0.0,normal
736,353007,736,73.6,35300.7,479.6290760869565,1,1,1.0,0.0,0.0,0.0,normal
2,133,2,0.2,13.3,66.5,1,1,1.0,0.0,0.0,0.0,normal
1,54,1,0.1,5.4,54.0,1,1,1.0,0.0,0.0,0.0,normal
5,7650,5,0.5,765.0,1530.0,1,1,1.0,0.0,0.0,0.0,normal
1,54,1,0.1,5.4,54.0,1,1,1.0,0.0,0.0,0.0,normal
673,37093,673,67.3,3709.3,55.11589895988113,1,9,1.0,0.0,0.0,0.0,normal
3,239,3,0.3,23.9,79.66666666666667,1,1,1.0,0.0,0.0,0.0,normal
706,354320,706,70.6,35432.0,501.8696883852691,1,1,1.0,0.0,0.0,0.0,normal
1,54,1,0.1,5.4,54.0,1,1,1.0,0.0,0.0,0.0,normal
1,54,1,0.1,5.4,54.0,1,1,1.0,0.0,0.0,0.0,normal
612,33048,612,61.2,3304.8,54.0,1,3,1.0,0.0,0.0,0.0,normal
2,132,2,0.2,13.2,66.0,1,1,1.0,0.0,0.0,0.0,normal
693,350079,693,69.3,35007.9,505.16450216450215,1,1,1.0,0.0,0.0,0.0,normal
303,17014,303,30.3,1701.4,56.15181518151815,2,1,1.0,0.0,0.0,0.0,normal
1,54,1,0.1,5.4,54.0,1,1,1.0,0.0,0.0,0.0,normal
273,14742,273,27.3,1474.2,54.0,1,1,1.0,0.0,0.0,0.0,normal
979,1508943,979,97.9,150894.3,1541.3105209397345,1,5,1.0,0.0,0.0,0.0,normal
736,354333,736,73.6,35433.3,481.4307065217391,1,1,1.0,0.0,0.0,0.0,normal
1,54,1,0.1,5.4,54.0,1,1,1.0,0.0,0.0,0.0,normal
40,22157,40,4.0,2215.7,553.925,1,1,1.0,0.0,0.0,0.0,normal
1,93,1,0.1,9.3,93.0,1,1,1.0,0.0,0.0,0.0,normal
1,66,1,0.1,6.6,66.0,1,1,1.0,0.0,0.0,0.0,normal
720,39081,720,72.0,3908.1,54.27916666666667,3,8,0.9986111111111111,0.001388888888888889,0.0,0.0,normal
1,345,1,0.1,34.5,345.0,1,1,0.0,1.0,0.0,0.0,normal
1,54,1,0.1,5.4,54.0,1,1,1.0,0.0,0.0,0.0,normal
5,361,5,0.5,36.1,72.2,1,1,1.0,0.0,0.0,0.0,normal
2,132,2,0.2,13.2,66.0,1,1,1.0,0.0,0.0,0.0,normal
652,310266,652,65.2,31026.6,475.8680981595092,1,1,1.0,0.0,0.0,0.0,normal
327,19490,327,32.7,1949.0,59.60244648318043,2,1,1.0,0.0,0.0,0.0,normal
1,54,1,0.1,5.4,54.0,1,1,1.0,0.0,0.0,0.0,normal
431,49654,431,43.1,4965.4,115.20649651972158,1,1,1.0,0.0,0.0,0.0,normal
2,427,2,0.2,42.7,213.5,1,1,1.0,0.0,0.0,0.0,normal
1148,1919492,1148,114.8,191949.2,1672.0313588850174,1,6,1.0,0.0,0.0,0.0,normal
5,3600,5,0.5,360.0,720.0,1,1,1.0,0.0,0.0,0.0,normal
1,54,1,0.1,5.4,54.0,1,1,1.0,0.0,0.0,0.0,normal
5,270,5,0.5,27.0,54.0,1,2,1.0,0.0,0.0,0.0,normal
2,132,2,0.2,13.2,66.0,1,1,1.0,0.0,0.0,0.0,normal
171,9390,171,17.1,939.0,54.91228070175438,1,1,1.0,0.0,0.0,0.0,normal
2,133,2,0.2,13.3,66.5,1,1,1.0,0.0,0.0,0.0,normal
1,54,1,0.1,5.4,54.0,1,1,1.0,0.0,0.0,0.0,normal
6,7593,6,0.6,759.3,1265.5,1,1,1.0,0.0,0.0,0.0,normal
1,54,1,0.1,5.4,54.0,1,1,1.0,0.0,0.0,0.0,normal
141,311403,141,14.1,31140.3,2208.531914893617,1,7,1.0,0.0,0.0,0.0,normal
3,239,3,0.3,23.9,79.66666666666667,1,1,1.0,0.0,0.0,0.0,normal
6,2254,6,0.6,225.4,375.6666666666667,1,1,1.0,0.0,0.0,0.0,normal
187,30069,187,18.7,3006.9,160.79679144385025,2,1,1.0,0.0,0.0,0.0,normal
9,6344,9,0.9,634.4,704.8888888888889,1,1,0.0,1.0,0.0,0.0,normal
2,108,2,0.2,10.8,54.0,2,1,1.0,0.0,0.0,0.0,normal
1,54,1,0.1,5.4,54.0,1,1,1.0,0.0,0.0,0.0,normal
17,5412,17,1.7,541.2,318.3529411764706,1,1,1.0,0.0,0.0,0.0,normal
40,14756,40,4.0,1475.6,368.9,2,1,1.0,0.0,0.0,0.0,normal
225,334456,225,22.5,33445.6,1486.4711111111112,2,8,0.96,0.04,0.0,0.0,normal
2,260,2,0.2,26.0,130.0,2,1,0.0,1.0,0.0,0.0,normal
2,132,2,0.2,13.2,66.0,1,1,1.0,0.0,0.0,0.0,normal
378,134538,378,37.8,13453.8,355.92063492063494,1,1,1.0,0.0,0.0,0.0,normal
1,54,1,0.1,5.4,54.0,1,1,1.0,0.0,0.0,0.0,normal
1,54,1,0.1,5.4,54.0,1,1,1.0,0.0,0.0,0.0,normal
293,311339,293,29.3,31133.9,1062.590443686007,1,4,1.0,0.0,0.0,0.0,normal
250,42336,250,25.0,4233.6,169.344,1,1,1.0,0.0,0.0,0.0,normal
1,54,1,0.1,5.4,54.0,1,1,1.0,0.0,0.0,0.0,normal
1,54,1,0.1,5.4,54.0,1,1,1.0,0.0,0.0,0.0,normal
239,586986,239,23.9,58698.6,2456.0083682008367,1,4,1.0,0.0,0.0,0.0,normal
1,54,1,0.1,5.4,54.0,1,1,1.0,0.0,0.0,0.0,normal
2,132,2,0.2,13.2,66.0,1,1,1.0,0.0,0.0,0.0,normal
23,6074,23,2.3,607.4,264.0869565217391,1,1,1.0,0.0,0.0,0.0,normal
2,108,2,0.2,10.8,54.0,2,1,1.0,0.0,0.0,0.0,normal
1,54,1,0.1,5.4,54.0,1,1,1.0,0.0,0.0,0.0,normal
39,98734,39,3.9,9873.4,2531.641025641026,1,4,1.0,0.0,0.0,0.0,normal
376,105497,376,37.6,10549.7,280.57712765957444,1,1,1.0,0.0,0.0,0.0,normal
7,2014,7,0.7,201.4,287.7142857142857,1,1,1.0,0.0,0.0,0.0,normal
10,2176,10,1.0,217.6,217.6,1,1,1.0,0.0,0.0,0.0,normal
2,108,2,0.2,10.8,54.0,1,1,1.0,0.0,0.0,0.0,normal
1,54,1,0.1,5.4,54.0,1,1,1.0,0.0,0.0,0.0,normal
18,5443,18,1.8,544.3,302.3888888888889,1,1,1.0,0.0,0.0,0.0,normal
344,557361,344,34.4,55736.1,1620.235465116279,1,6,1.0,0.0,0.0,0.0,normal
6,518,6,0.6,51.8,86.33333333333333,1,1,1.0,0.0,0.0,0.0,normal
220,61751,220,22.0,6175.1,280.68636363636364,2,1,1.0,0.0,0.0,0.0,normal
2,133,2,0.2,13.3,66.5,1,1,1.0,0.0,0.0,0.0,normal
31,6630,31,3.1,663.0,213.8709677419355,3,1,1.0,0.0,0.0,0.0,normal
7,12114,7,0.7,1211.4,1730.5714285714287,1,1,1.0,0.0,0.0,0.0,normal
5,2091,5,0.5,209.1,418.2,1,1,1.0,0.0,0.0,0.0,normal
18,31194,18,1.8,3119.4,1733.0,1,1,1.0,0.0,0.0,0.0,normal
24,5655,24,2.4,565.5,235.625,1,1,1.0,0.0,0.0,0.0,normal
48,14978,48,4.8,1497.8,312.0416666666667,1,1,1.0,0.0,0.0,0.0,normal
1,54,1,0.1,5.4,54.0,1,1,1.0,0.0,0.0,0.0,normal
12,3378,12,1.2,337.8,281.5,2,1,1.0,0.0,0.0,0.0,normal
325,380959,325,32.5,38095.9,1172.1815384615384,2,13,0.9969230769230769,0.003076923076923077,0.0,0.0,normal
1,489,1,0.1,48.9,489.0,1,1,0.0,1.0,0.0,0.0,normal
3,239,3,0.3,23.9,79.66666666666667,1,1,1.0,0.0,0.0,0.0,normal
2,147,2,0.2,14.7,73.5,1,1,1.0,0.0,0.0,0.0,normal
2,193,2,0.2,19.3,96.5,1,1,1.0,0.0,0.0,0.0,normal
24,7151,24,2.4,715.1,297.9583333333333,2,1,1.0,0.0,0.0,0.0,normal
101,80142,101,10.1,8014.2,793.4851485148515,1,1,1.0,0.0,0.0,0.0,normal
2,108,2,0.2,10.8,54.0,1,1,1.0,0.0,0.0,0.0,normal
119,101050,119,11.9,10105.0,849.1596638655462,1,1,1.0,0.0,0.0,0.0,normal
20,6130,20,2.0,613.0,306.5,1,1,1.0,0.0,0.0,0.0,normal
2,944,2,0.2,94.4,472.0,1,1,1.0,0.0,0.0,0.0,normal
237,160910,237,23.7,16091.0,678.9451476793249,1,8,1.0,0.0,0.0,0.0,normal
2,132,2,0.2,13.2,66.0,1,1,1.0,0.0,0.0,0.0,normal
1,54,1,0.1,5.4,54.0,1,1,1.0,0.0,0.0,0.0,normal
1,54,1,0.1,5.4,54.0,1,1,1.0,0.0,0.0,0.0,normal
225,161580,225,22.5,16158.0,718.1333333333333,1,1,1.0,0.0,0.0,0.0,normal
153,202801,153,15.3,20280.1,1325.4967320261437,1,4,1.0,0.0,0.0,0.0,normal
2,193,2,0.2,19.3,96.5,1,1,1.0,0.0,0.0,0.0,normal
1,54,1,0.1,5.4,54.0,1,1,1.0,0.0,0.0,0.0,normal
1,54,1,0.1,5.4,54.0,1,1,1.0,0.0,0.0,0.0,normal
149,29472,149,14.9,2947.2,197.7986577181208,1,1,1.0,0.0,0.0,0.0,normal
115,151856,115,11.5,15185.6,1320.486956521739,2,6,0.991304347826087,0.008695652173913044,0.0,0.0,normal
1,54,1,0.1,5.4,54.0,1,1,1.0,0.0,0.0,0.0,normal
4,404,4,0.4,40.4,101.0,1,1,1.0,0.0,0.0,0.0,normal
26,6126,26,2.6,612.6,235.6153846153846,1,1,1.0,0.0,0.0,0.0,normal
18,29543,18,1.8,2954.3,1641.2777777777778,1,2,1.0,0.0,0.0,0.0,normal
108,5964,108,10.8,596.4,55.22222222222222,1,1,1.0,0.0,0.0,0.0,normal
2,147,2,0.2,14.7,73.5,1,1,1.0,0.0,0.0,0.0,normal
2,147,2,0.2,14.7,73.5,1,1,1.0,0.0,0.0,0.0,normal
2,147,2,0.2,14.7,73.5,1,1,1.0,0.0,0.0,0.0,normal
1,54,1,0.1,5.4,54.0,1,1,1.0,0.0,0.0,0.0,normal
1,54,1,0.1,5.4,54.0,1,1,1.0,0.0,0.0,0.0,normal
16,2980,16,1.6,298.0,186.25,1,1,1.0,0.0,0.0,0.0,normal
128,317813,128,12.8,31781.3,2482.9140625,1,7,1.0,0.0,0.0,0.0,normal
2,132,2,0.2,13.2,66.0,1,1,1.0,0.0,0.0,0.0,normal
363,219711,363,36.3,21971.1,605.2644628099174,1,1,1.0,0.0,0.0,0.0,normal
2,133,2,0.2,13.3,66.5,1,1,1.0,0.0,0.0,0.0,normal
5,7557,5,0.5,755.7,1511.4,1,1,1.0,0.0,0.0,0.0,normal
1,54,1,0.1,5.4,54.0,1,1,1.0,0.0,0.0,0.0,normal
25,2650,25,2.5,265.0,106.0,1,1,1.0,0.0,0.0,0.0,normal
1,54,1,0.1,5.4,54.0,1,1,1.0,0.0,0.0,0.0,normal
330,80725,330,33.0,8072.5,244.62121212121212,1,8,1.0,0.0,0.0,0.0,normal
3,239,3,0.3,23.9,79.66666666666667,1,1,1.0,0.0,0.0,0.0,normal
1,93,1,0.1,9.3,93.0,1,1,1.0,0.0,0.0,0.0,normal
1,93,1,0.1,9.3,93.0,1,1,1.0,0.0,0.0,0.0,normal
128,13903,128,12.8,1390.3,108.6171875,1,1,1.0,0.0,0.0,0.0,normal
12,1051,12,1.2,105.1,87.58333333333333,1,1,1.0,0.0,0.0,0.0,normal
1,93,1,0.1,9.3,93.0,1,1,1.0,0.0,0.0,0.0,normal
4,580,4,0.4,58.0,145.0,1,1,1.0,0.0,0.0,0.0,normal
146,342763,146,14.6,34276.3,2347.6917808219177,1,6,1.0,0.0,0.0,0.0,normal
2,132,2,0.2,13.2,66.0,1,1,1.0,0.0,0.0,0.0,normal
3,3066,3,0.3,306.6,1022.0,1,1,1.0,0.0,0.0,0.0,normal
1,54,1,0.1,5.4,54.0,1,1,1.0,0.0,0.0,0.0,normal
1,54,1,0.1,5.4,54.0,1,1,1.0,0.0,0.0,0.0,normal
16,3086,16,1.6,308.6,192.875,1,1,1.0,0.0,0.0,0.0,normal
11,3397,11,1.1,339.7,308.8181818181818,1,1,1.0,0.0,0.0,0.0,normal
59,39721,59,5.9,3972.1,673.2372881355932,2,8,0.6271186440677966,0.3728813559322034,0.0,0.0,normal
2,260,2,0.2,26.0,130.0,2,1,0.0,1.0,0.0,0.0,normal
21,7616,21,2.1,761.6,362.6666666666667,2,1,0.2857142857142857,0.7142857142857143,0.0,0.0,normal
1,54,1,0.1,5.4,54.0,1,1,1.0,0.0,0.0,0.0,normal
1,54,1,0.1,5.4,54.0,1,1,1.0,0.0,0.0,0.0,normal
3,162,3,0.3,16.2,54.0,1,3,1.0,0.0,0.0,0.0,normal
1,54,1,0.1,5.4,54.0,1,1,1.0,0.0,0.0,0.0,normal
2,132,2,0.2,13.2,66.0,1,1,1.0,0.0,0.0,0.0,normal
12,2800,12,1.2,280.0,233.33333333333334,1,1,1.0,0.0,0.0,0.0,normal
7,2069,7,0.7,206.9,295.57142857142856,1,1,1.0,0.0,0.0,0.0,normal
15,17224,15,1.5,1722.4,1148.2666666666667,2,4,0.9333333333333333,0.06666666666666667,0.0,0.0,normal
1,489,1,0.1,48.9,489.0,1,1,0.0,1.0,0.0,0.0,normal
16,996,16,1.6,99.6,62.25,1,1,1.0,0.0,0.0,0.0,normal
2,147,2,0.2,14.7,73.5,1,1,1.0,0.0,0.0,0.0,normal
2,147,2,0.2,14.7,73.5,1,1,1.0,0.0,0.0,0.0,normal
2,147,2,0.2,14.7,73.5,1,1,1.0,0.0,0.0,0.0,normal
1,54,1,0.1,5.4,54.0,1,1,1.0,0.0,0.0,0.0,normal
1,54,1,0.1,5.4,54.0,1,1,1.0,0.0,0.0,0.0,normal
9,1204,9,0.9,120.4,133.77777777777777,1,1,1.0,0.0,0.0,0.0,normal
35,66048,35,3.5,6604.8,1887.0857142857142,1,8,1.0,0.0,0.0,0.0,normal
2,108,2,0.2,10.8,54.0,1,1,1.0,0.0,0.0,0.0,normal
2,132,2,0.2,13.2,66.0,1,1,1.0,0.0,0.0,0.0,normal
1,93,1,0.1,9.3,93.0,1,1,1.0,0.0,0.0,0.0,normal
1,66,1,0.1,6.6,66.0,1,1,1.0,0.0,0.0,0.0,normal
362,129148,362,36.2,12914.8,356.76243093922653,1,1,1.0,0.0,0.0,0.0,normal
2,133,2,0.2,13.3,66.5,1,1,1.0,0.0,0.0,0.0,normal
6,7645,6,0.6,764.5,1274.1666666666667,1,1,1.0,0.0,0.0,0.0,normal
54,173942,54,5.4,17394.2,3221.1481481481483,1,1,1.0,0.0,0.0,0.0,normal
387,298734,387,38.7,29873.4,771.922480620155,2,10,0.9948320413436692,0.00516795865633075,0.0,0.0,normal
2,244,2,0.2,24.4,122.0,2,1,0.0,1.0,0.0,0.0,normal
3,239,3,0.3,23.9,79.66666666666667,1,1,1.0,0.0,0.0,0.0,normal
733,375381,733,73.3,37538.1,512.1159618008186,1,1,1.0,0.0,0.0,0.0,normal
1,54,1,0.1,5.4,54.0,1,1,1.0,0.0,0.0,0.0,normal
4,732,4,0.4,73.2,183.0,1,1,1.0,0.0,0.0,0.0,normal
636,34471,636,63.6,3447.1,54.1996855345912,1,3,1.0,0.0,0.0,0.0,normal
2,132,2,0.2,13.2,66.0,1,1,1.0,0.0,0.0,0.0,normal
343,188632,343,34.3,18863.2,549.9475218658893,1,1,1.0,0.0,0.0,0.0,normal
1,54,1,0.1,5.4,54.0,1,1,1.0,0.0,0.0,0.0,normal
1,54,1,0.1,5.4,54.0,1,1,1.0,0.0,0.0,0.0,normal
13,2819,13,1.3,281.9,216.84615384615384,1,1,1.0,0.0,0.0,0.0,normal
2,687,2,0.2,68.7,343.5,1,1,1.0,0.0,0.0,0.0,normal
298,40156,298,29.8,4015.6,134.751677852349,2,8,0.9932885906040269,0.006711409395973154,0.0,0.0,normal
2,260,2,0.2,26.0,130.0,2,1,0.0,1.0,0.0,0.0,normal
2,147,2,0.2,14.7,73.5,1,1,1.0,0.0,0.0,0.0,normal
400,139272,400,40.0,13927.2,348.18,1,1,1.0,0.0,0.0,0.0,normal
1,54,1,0.1,5.4,54.0,1,1,1.0,0.0,0.0,0.0,normal
368,351683,368,36.8,35168.3,955.6603260869565,1,4,1.0,0.0,0.0,0.0,normal
2,132,2,0.2,13.2,66.0,1,1,1.0,0.0,0.0,0.0,normal
1,54,1,0.1,5.4,54.0,1,1,1.0,0.0,0.0,0.0,normal
2,132,2,0.2,13.2,66.0,1,1,1.0,0.0,0.0,0.0,normal
652,280398,652,65.2,28039.8,430.05828220858893,1,1,1.0,0.0,0.0,0.0,normal
1,54,1,0.1,5.4,54.0,1,1,1.0,0.0,0.0,0.0,normal
22,4036,22,2.2,403.6,183.45454545454547,1,1,1.0,0.0,0.0,0.0,normal
647,369098,647,64.7,36909.8,570.4760432766615,1,4,1.0,0.0,0.0,0.0,normal
533,271406,533,53.3,27140.6,509.2045028142589,1,1,1.0,0.0,0.0,0.0,normal
4,240,4,0.4,24.0,60.0,1,1,1.0,0.0,0.0,0.0,normal
4,240,4,0.4,24.0,60.0,1,1,1.0,0.0,0.0,0.0,normal
4,240,4,0.4,24.0,60.0,1,1,1.0,0.0,0.0,0.0,normal
1,54,1,0.1,5.4,54.0,1,1,1.0,0.0,0.0,0.0,normal
1,54,1,0.1,5.4,54.0,1,1,1.0,0.0,0.0,0.0,normal
433,48629,433,43.3,4862.9,112.30715935334872,1,6,1.0,0.0,0.0,0.0,normal
2,132,2,0.2,13.2,66.0,1,1,1.0,0.0,0.0,0.0,normal
2,108,2,0.2,10.8,54.0,1,1,1.0,0.0,0.0,0.0,normal
202,53538,202,20.2,5353.8,265.03960396039605,1,1,1.0,0.0,0.0,0.0,normal
2,133,2,0.2,13.3,66.5,1,1,1.0,0.0,0.0,0.0,normal
5,7638,5,0.5,763.8,1527.6,1,1,1.0,0.0,0.0,0.0,normal
1,54,1,0.1,5.4,54.0,1,1,1.0,0.0,0.0,0.0,normal
195,339784,195,19.5,33978.4,1742.4820512820513,1,7,1.0,0.0,0.0,0.0,normal
3,239,3,0.3,23.9,79.66666666666667,1,1,1.0,0.0,0.0,0.0,normal
7,2286,7,0.7,228.6,326.57142857142856,1,1,1.0,0.0,0.0,0.0,normal
4,386,4,0.4,38.6,96.5,1,1,1.0,0.0,0.0,0.0,normal
292,105030,292,29.2,10503.0,359.6917808219178,1,1,1.0,0.0,0.0,0.0,normal
17,8771,17,1.7,877.1,515.9411764705883,2,1,0.47058823529411764,0.5294117647058824,0.0,0.0,normal
1,54,1,0.1,5.4,54.0,1,1,1.0,0.0,0.0,0.0,normal
20,5279,20,2.0,527.9,263.95,1,1,1.0,0.0,0.0,0.0,normal
19,6053,19,1.9,605.3,318.57894736842104,1,1,1.0,0.0,0.0,0.0,normal
40,14340,40,4.0,1434.0,358.5,2,1,1.0,0.0,0.0,0.0,normal
337,401849,337,33.7,40184.9,1192.4302670623144,1,8,0.9792284866468842,0.020771513353115726,0.0,0.0,normal
2,132,2,0.2,13.2,66.0,1,1,1.0,0.0,0.0,0.0,normal
4,3985,4,0.4,398.5,996.25,1,1,1.0,0.0,0.0,0.0,normal
1,54,1,0.1,5.4,54.0,1,1,1.0,0.0,0.0,0.0,normal
1,54,1,0.1,5.4,54.0,1,1,1.0,0.0,0.0,0.0,normal
9,1076,9,0.9,107.6,119.55555555555556,1,1,1.0,0.0,0.0,0.0,normal
14,10021,14,1.4,1002.1,715.7857142857143,1,6,1.0,0.0,0.0,0.0,normal
1,93,1,0.1,9.3,93.0,1,1,1.0,0.0,0.0,0.0,normal
1,54,1,0.1,5.4,54.0,1,1,1.0,0.0,0.0,0.0,normal
10,1234,10,1.0,123.4,123.4,1,1,1.0,0.0,0.0,0.0,normal
4,307,4,0.4,30.7,76.75,1,1,1.0,0.0,0.0,0.0,normal
16,9458,16,1.6,945.8,591.125,3,6,0.9375,0.0625,0.0,0.0,normal
1,345,1,0.1,34.5,345.0,1,1,0.0,1.0,0.0,0.0,normal
1,54,1,0.1,5.4,54.0,1,1,1.0,0.0,0.0,0.0,normal
1,66,1,0.1,6.6,66.0,1,1,1.0,0.0,0.0,0.0,normal
2,132,2,0.2,13.2,66.0,1,1,1.0,0.0,0.0,0.0,normal
1,54,1,0.1,5.4,54.0,1,1,1.0,0.0,0.0,0.0,normal
11,2554,11,1.1,255.4,232.1818181818182,1,1,1.0,0.0,0.0,0.0,normal
8,12014,8,0.8,1201.4,1501.75,1,3,1.0,0.0,0.0,0.0,normal
1,54,1,0.1,5.4,54.0,1,1,1.0,0.0,0.0,0.0,normal
1,54,1,0.1,5.4,54.0,1,1,1.0,0.0,0.0,0.0,normal
2,108,2,0.2,10.8,54.0,1,2,1.0,0.0,0.0,0.0,normal
2,132,2,0.2,13.2,66.0,1,1,1.0,0.0,0.0,0.0,normal
229,68536,229,22.9,6853.6,299.28384279475983,1,1,1.0,0.0,0.0,0.0,normal
2,133,2,0.2,13.3,66.5,1,1,1.0,0.0,0.0,0.0,normal
5,7639,5,0.5,763.9,1527.8,1,1,1.0,0.0,0.0,0.0,normal
2,108,2,0.2,10.8,54.0,1,1,1.0,0.0,0.0,0.0,normal
1,54,1,0.1,5.4,54.0,1,1,1.0,0.0,0.0,0.0,normal
218,358059,218,21.8,35805.9,1642.4724770642201,1,7,1.0,0.0,0.0,0.0,normal
3,239,3,0.3,23.9,79.66666666666667,1,1,1.0,0.0,0.0,0.0,normal
2,147,2,0.2,14.7,73.5,1,1,1.0,0.0,0.0,0.0,normal
517,261860,517,51.7,26186.0,506.4990328820116,1,1,1.0,0.0,0.0,0.0,normal
1,93,1,0.1,9.3,93.0,1,1,1.0,0.0,0.0,0.0,normal
10,1131,10,1.0,113.1,113.1,1,1,1.0,0.0,0.0,0.0,normal
1,93,1,0.1,9.3,93.0,1,1,1.0,0.0,0.0,0.0,normal
4,1092,4,0.4,109.2,273.0,1,1,1.0,0.0,0.0,0.0,normal
1,230,1,0.1,23.0,230.0,1,1,0.0,1.0,0.0,0.0,normal
476,34924,476,47.6,3492.4,73.36974789915966,2,8,0.9978991596638656,0.0021008403361344537,0.0,0.0,normal
2,108,2,0.2,10.8,54.0,1,1,1.0,0.0,0.0,0.0,normal
2,132,2,0.2,13.2,66.0,1,1,1.0,0.0,0.0,0.0,normal
425,132423,425,42.5,13242.3,311.5835294117647,1,1,1.0,0.0,0.0,0.0,normal
1,54,1,0.1,5.4,54.0,1,1,1.0,0.0,0.0,0.0,normal
16,3072,16,1.6,307.2,192.0,1,1,1.0,0.0,0.0,0.0,normal
1,66,1,0.1,6.6,66.0,1,1,1.0,0.0,0.0,0.0,normal
365,373748,365,36.5,37374.8,1023.9671232876713,2,6,0.9945205479452055,0.005479452054794521,0.0,0.0,normal
2,240,2,0.2,24.0,120.0,2,1,0.0,1.0,0.0,0.0,normal
222,44523,222,22.2,4452.3,200.55405405405406,2,1,1.0,0.0,0.0,0.0,normal
1,54,1,0.1,5.4,54.0,1,1,1.0,0.0,0.0,0.0,normal
1,66,1,0.1,6.6,66.0,1,1,1.0,0.0,0.0,0.0,normal
123,357716,123,12.3,35771.6,2908.2601626016262,2,5,0.991869918699187,0.008130081300813009,0.0,0.0,normal
1,54,1,0.1,5.4,54.0,1,1,1.0,0.0,0.0,0.0,normal
2,132,2,0.2,13.2,66.0,1,1,1.0,0.0,0.0,0.0,normal
539,330406,539,53.9,33040.6,612.9981447124304,1,1,1.0,0.0,0.0,0.0,normal
496,26812,496,49.6,2681.2,54.056451612903224,1,2,1.0,0.0,0.0,0.0,normal
102,55944,102,10.2,5594.4,548.4705882352941,1,1,1.0,0.0,0.0,0.0,normal
7,2014,7,0.7,201.4,287.7142857142857,1,1,1.0,0.0,0.0,0.0,normal
1,54,1,0.1,5.4,54.0,1,1,1.0,0.0,0.0,0.0,normal
10,1142,10,1.0,114.2,114.2,1,1,1.0,0.0,0.0,0.0,normal
9,2733,9,0.9,273.3,303.6666666666667,1,1,1.0,0.0,0.0,0.0,normal
122,21650,122,12.2,2165.0,177.45901639344262,3,7,0.9754098360655737,0.02459016393442623,0.0,0.0,normal
2,260,2,0.2,26.0,130.0,2,1,0.0,1.0,0.0,0.0,normal
1,230,1,0.1,23.0,230.0,1,1,0.0,1.0,0.0,0.0,normal
2,132,2,0.2,13.2,66.0,1,1,1.0,0.0,0.0,0.0,normal
2,133,2,0.2,13.3,66.5,1,1,1.0,0.0,0.0,0.0,normal
2,1216,2,0.2,121.6,608.0,1,1,1.0,0.0,0.0,0.0,normal
5,7689,5,0.5,768.9,1537.8,1,1,1.0,0.0,0.0,0.0,normal
1,54,1,0.1,5.4,54.0,1,1,1.0,0.0,0.0,0.0,normal
12,1434,12,1.2,143.4,119.5,2,7,0.9166666666666666,0.08333333333333333,0.0,0.0,normal
1,489,1,0.1,48.9,489.0,1,1,0.0,1.0,0.0,0.0,normal
3,239,3,0.3,23.9,79.66666666666667,1,1,1.0,0.0,0.0,0.0,normal
1,93,1,0.1,9.3,93.0,1,1,1.0,0.0,0.0,0.0,normal
1,93,1,0.1,9.3,93.0,1,1,1.0,0.0,0.0,0.0,normal
3,656,3,0.3,65.6,218.66666666666666,1,1,1.0,0.0,0.0,0.0,normal
8,637,8,0.8,63.7,79.625,1,3,1.0,0.0,0.0,0.0,normal
2,132,2,0.2,13.2,66.0,1,1,1.0,0.0,0.0,0.0,normal
1,54,1,0.1,5.4,54.0,1,1,1.0,0.0,0.0,0.0,normal
2,136,2,0.2,13.6,68.0,1,2,1.0,0.0,0.0,0.0,normal
1,54,1,0.1,5.4,54.0,1,1,1.0,0.0,0.0,0.0,normal
2,108,2,0.2,10.8,54.0,1,2,1.0,0.0,0.0,0.0,normal
1,54,1,0.1,5.4,54.0,1,1,1.0,0.0,0.0,0.0,normal
2,132,2,0.2,13.2,66.0,1,1,1.0,0.0,0.0,0.0,normal
1,82,1,0.1,8.2,82.0,1,1,1.0,0.0,0.0,0.0,normal
1,54,1,0.1,5.4,54.0,1,1,1.0,0.0,0.0,0.0,normal
4,306,4,0.4,30.6,76.5,1,1,1.0,0.0,0.0,0.0,normal
1,54,1,0.1,5.4,54.0,1,1,1.0,0.0,0.0,0.0,normal
2,147,2,0.2,14.7,73.5,1,1,1.0,0.0,0.0,0.0,normal
2,159,2,0.2,15.9,79.5,1,1,1.0,0.0,0.0,0.0,normal
10,747,10,1.0,74.7,74.7,1,5,1.0,0.0,0.0,0.0,normal
2,108,2,0.2,10.8,54.0,1,1,1.0,0.0,0.0,0.0,normal
2,132,2,0.2,13.2,66.0,1,1,1.0,0.0,0.0,0.0,normal
2,134,2,0.2,13.4,67.0,1,1,1.0,0.0,0.0,0.0,normal
2,108,2,0.2,10.8,54.0,1,1,1.0,0.0,0.0,0.0,normal
9,9739,9,0.9,973.9,1082.111111111111,1,1,1.0,0.0,0.0,0.0,normal
8,6026,8,0.8,602.6,753.25,1,1,1.0,0.0,0.0,0.0,normal
23,37365,23,2.3,3736.5,1624.5652173913043,1,1,1.0,0.0,0.0,0.0,normal
1,54,1,0.1,5.4,54.0,1,1,1.0,0.0,0.0,0.0,normal
47,8036,47,4.7,803.6,170.9787234042553,2,10,0.9574468085106383,0.0425531914893617,0.0,0.0,normal
2,538,2,0.2,53.8,269.0,2,1,0.0,1.0,0.0,0.0,normal
3,239,3,0.3,23.9,79.66666666666667,1,1,1.0,0.0,0.0,0.0,normal
11,2842,11,1.1,284.2,258.3636363636364,1,1,1.0,0.0,0.0,0.0,normal
4,585,4,0.4,58.5,146.25,1,1,1.0,0.0,0.0,0.0,normal
17,1875,17,1.7,187.5,110.29411764705883,2,3,0.8823529411764706,0.11764705882352941,0.0,0.0,normal
2,260,2,0.2,26.0,130.0,2,1,0.0,1.0,0.0,0.0,normal
2,132,2,0.2,13.2,66.0,1,1,1.0,0.0,0.0,0.0,normal
1,54,1,0.1,5.4,54.0,1,1,1.0,0.0,0.0,0.0,normal
1,54,1,0.1,5.4,54.0,1,1,1.0,0.0,0.0,0.0,normal
3,190,3,0.3,19.0,63.333333333333336,1,3,1.0,0.0,0.0,0.0,normal
127,7038,127,12.7,703.8,55.41732283464567,1,1,1.0,0.0,0.0,0.0,normal
1,54,1,0.1,5.4,54.0,1,1,1.0,0.0,0.0,0.0,normal
1,54,1,0.1,5.4,54.0,1,1,1.0,0.0,0.0,0.0,normal
11,3054,11,1.1,305.4,277.6363636363636,1,1,1.0,0.0,0.0,0.0,normal
9,2817,9,0.9,281.7,313.0,1,1,1.0,0.0,0.0,0.0,normal
114,268019,114,11.4,26801.9,2351.0438596491226,1,6,1.0,0.0,0.0,0.0,normal
1,54,1,0.1,5.4,54.0,1,1,1.0,0.0,0.0,0.0,normal
2,132,2,0.2,13.2,66.0,1,1,1.0,0.0,0.0,0.0,normal
427,175309,427,42.7,17530.9,410.55971896955504,1,1,1.0,0.0,0.0,0.0,normal
366,133227,366,36.6,13322.7,364.0081967213115,2,4,0.9918032786885246,0.00819672131147541,0.0,0.0,normal
3,813,3,0.3,81.3,271.0,3,1,0.0,1.0,0.0,0.0,normal
7,2286,7,0.7,228.6,326.57142857142856,1,1,1.0,0.0,0.0,0.0,normal
442,179227,442,44.2,17922.7,405.49095022624437,1,1,1.0,0.0,0.0,0.0,normal
2,147,2,0.2,14.7,73.5,1,1,1.0,0.0,0.0,0.0,normal
10,6637,10,1.0,663.7,663.7,1,1,0.0,1.0,0.0,0.0,normal
1,54,1,0.1,5.4,54.0,1,1,1.0,0.0,0.0,0.0,normal
1,54,1,0.1,5.4,54.0,1,1,1.0,0.0,0.0,0.0,normal
25,7489,25,2.5,748.9,299.56,1,1,1.0,0.0,0.0,0.0,normal
41,14719,41,4.1,1471.9,359.0,2,1,1.0,0.0,0.0,0.0,normal
419,405715,419,41.9,40571.5,968.2935560859189,1,10,0.9761336515513126,0.02386634844868735,0.0,0.0,normal
2,132,2,0.2,13.2,66.0,1,1,1.0,0.0,0.0,0.0,normal
1,66,1,0.1,6.6,66.0,1,1,1.0,0.0,0.0,0.0,normal
597,318536,597,59.7,31853.6,533.5611390284757,1,1,1.0,0.0,0.0,0.0,normal
2,134,2,0.2,13.4,67.0,1,1,1.0,0.0,0.0,0.0,normal
5,7639,5,0.5,763.9,1527.8,1,1,1.0,0.0,0.0,0.0,normal
1,54,1,0.1,5.4,54.0,1,1,1.0,0.0,0.0,0.0,normal
10,1142,10,1.0,114.2,114.2,1,1,1.0,0.0,0.0,0.0,normal
67,171586,67,6.7,17158.6,2560.9850746268658,1,1,1.0,0.0,0.0,0.0,normal
598,46452,598,59.8,4645.2,77.67892976588628,2,10,0.9966555183946488,0.0033444816053511705,0.0,0.0,normal
2,244,2,0.2,24.4,122.0,2,1,0.0,1.0,0.0,0.0,normal
3,239,3,0.3,23.9,79.66666666666667,1,1,1.0,0.0,0.0,0.0,normal
41,18774,41,4.1,1877.4,457.9024390243902,1,1,1.0,0.0,0.0,0.0,normal
34,1836,34,3.4,183.6,54.0,1,1,1.0,0.0,0.0,0.0,normal
